o small_cylinder
v 0.001291 0.029972 0.037000
v 0.001291 0.029972 -0.037000
v 0.000000 0.030000 0.037000
v 0.000000 0.030000 -0.037000
v -0.001291 0.029972 0.037000
v -0.001291 0.029972 -0.037000
v -0.003616 0.029781 0.037000
v -0.003616 0.029781 -0.037000
v -0.003862 0.029750 0.037000
v -0.003862 0.029750 -0.037000
v -0.006406 0.029308 0.037000
v -0.006406 0.029308 -0.037000
v -0.007179 0.029128 0.037000
v -0.007179 0.029128 -0.037000
v -0.008901 0.028649 0.037000
v -0.008901 0.028649 -0.037000
v -0.010638 0.028050 0.037000
v -0.010638 0.028050 -0.037000
v -0.011331 0.027778 0.037000
v -0.011331 0.027778 -0.037000
v -0.013677 0.026701 0.037000
v -0.013677 0.026701 -0.037000
v -0.013942 0.026564 0.037000
v -0.013942 0.026564 -0.037000
v -0.015922 0.025426 0.037000
v -0.015922 0.025426 -0.037000
v -0.017042 0.024690 0.037000
v -0.017042 0.024690 -0.037000
v -0.018049 0.023963 0.037000
v -0.018049 0.023963 -0.037000
v -0.019894 0.022455 0.037000
v -0.019894 0.022455 -0.037000
v -0.020042 0.022323 0.037000
v -0.020042 0.022323 -0.037000
v -0.021887 0.020518 0.037000
v -0.021887 0.020518 -0.037000
v -0.022455 0.019894 0.037000
v -0.022455 0.019894 -0.037000
v -0.023569 0.018560 0.037000
v -0.023569 0.018560 -0.037000
v -0.024690 0.017042 0.037000
v -0.024690 0.017042 -0.037000
v -0.025078 0.016465 0.037000
v -0.025078 0.016465 -0.037000
v -0.026400 0.014249 0.037000
v -0.026400 0.014249 -0.037000
v -0.026564 0.013942 0.037000
v -0.026564 0.013942 -0.037000
v -0.027528 0.011926 0.037000
v -0.027528 0.011926 -0.037000
v -0.028050 0.010638 0.037000
v -0.028050 0.010638 -0.037000
v -0.028451 0.009516 0.037000
v -0.028451 0.009516 -0.037000
v -0.029128 0.007179 0.037000
v -0.029128 0.007179 -0.037000
v -0.029164 0.007035 0.037000
v -0.029164 0.007035 -0.037000
v -0.029660 0.004502 0.037000
v -0.029660 0.004502 -0.037000
v -0.029781 0.003616 0.037000
v -0.029781 0.003616 -0.037000
v -0.029938 0.001935 0.037000
v -0.029938 0.001935 -0.037000
v -0.030000 -0.000000 0.037000
v -0.030000 -0.000000 -0.037000
v -0.029993 -0.000645 0.037000
v -0.029993 -0.000645 -0.037000
v -0.029827 -0.003221 0.037000
v -0.029827 -0.003221 -0.037000
v -0.029781 -0.003616 0.037000
v -0.029781 -0.003616 -0.037000
v -0.029439 -0.005774 0.037000
v -0.029439 -0.005774 -0.037000
v -0.029128 -0.007179 0.037000
v -0.029128 -0.007179 -0.037000
v -0.028834 -0.008283 0.037000
v -0.028834 -0.008283 -0.037000
v -0.028050 -0.010638 0.037000
v -0.028050 -0.010638 -0.037000
v -0.028015 -0.010731 0.037000
v -0.028015 -0.010731 -0.037000
v -0.026989 -0.013100 0.037000
v -0.026989 -0.013100 -0.037000
v -0.026564 -0.013942 0.037000
v -0.026564 -0.013942 -0.037000
v -0.025763 -0.015371 0.037000
v -0.025763 -0.015371 -0.037000
v -0.024690 -0.017042 0.037000
v -0.024690 -0.017042 -0.037000
v -0.024346 -0.017529 0.037000
v -0.024346 -0.017529 -0.037000
v -0.022749 -0.019557 0.037000
v -0.022749 -0.019557 -0.037000
v -0.022455 -0.019894 0.037000
v -0.022455 -0.019894 -0.037000
v -0.020984 -0.021440 0.037000
v -0.020984 -0.021440 -0.037000
v -0.019894 -0.022455 0.037000
v -0.019894 -0.022455 -0.037000
v -0.019063 -0.023165 0.037000
v -0.019063 -0.023165 -0.037000
v -0.017042 -0.024690 0.037000
v -0.017042 -0.024690 -0.037000
v -0.017001 -0.024718 0.037000
v -0.017001 -0.024718 -0.037000
v -0.014813 -0.026088 0.037000
v -0.014813 -0.026088 -0.037000
v -0.013942 -0.026564 0.037000
v -0.013942 -0.026564 -0.037000
v -0.012516 -0.027265 0.037000
v -0.012516 -0.027265 -0.037000
v -0.010638 -0.028050 0.037000
v -0.010638 -0.028050 -0.037000
v -0.010126 -0.028240 0.037000
v -0.010126 -0.028240 -0.037000
v -0.007661 -0.029005 0.037000
v -0.007661 -0.029005 -0.037000
v -0.007179 -0.029128 0.037000
v -0.007179 -0.029128 -0.037000
v -0.005139 -0.029557 0.037000
v -0.005139 -0.029557 -0.037000
v -0.003616 -0.029781 0.037000
v -0.003616 -0.029781 -0.037000
v -0.002579 -0.029889 0.037000
v -0.002579 -0.029889 -0.037000
v 0.000000 -0.030000 0.037000
v 0.000000 -0.030000 -0.037000
v 0.002579 -0.029889 0.037000
v 0.002579 -0.029889 -0.037000
v 0.003616 -0.029781 0.037000
v 0.003616 -0.029781 -0.037000
v 0.005139 -0.029557 0.037000
v 0.005139 -0.029557 -0.037000
v 0.007179 -0.029128 0.037000
v 0.007179 -0.029128 -0.037000
v 0.007661 -0.029005 0.037000
v 0.007661 -0.029005 -0.037000
v 0.010126 -0.028240 0.037000
v 0.010126 -0.028240 -0.037000
v 0.010638 -0.028050 0.037000
v 0.010638 -0.028050 -0.037000
v 0.012516 -0.027265 0.037000
v 0.012516 -0.027265 -0.037000
v 0.013942 -0.026564 0.037000
v 0.013942 -0.026564 -0.037000
v 0.014813 -0.026088 0.037000
v 0.014813 -0.026088 -0.037000
v 0.017001 -0.024718 0.037000
v 0.017001 -0.024718 -0.037000
v 0.017042 -0.024690 0.037000
v 0.017042 -0.024690 -0.037000
v 0.019063 -0.023165 0.037000
v 0.019063 -0.023165 -0.037000
v 0.019894 -0.022455 0.037000
v 0.019894 -0.022455 -0.037000
v 0.020984 -0.021440 0.037000
v 0.020984 -0.021440 -0.037000
v 0.022455 -0.019894 0.037000
v 0.022455 -0.019894 -0.037000
v 0.022749 -0.019557 0.037000
v 0.022749 -0.019557 -0.037000
v 0.024346 -0.017529 0.037000
v 0.024346 -0.017529 -0.037000
v 0.024690 -0.017042 0.037000
v 0.024690 -0.017042 -0.037000
v 0.025763 -0.015371 0.037000
v 0.025763 -0.015371 -0.037000
v 0.026564 -0.013942 0.037000
v 0.026564 -0.013942 -0.037000
v 0.026989 -0.013100 0.037000
v 0.026989 -0.013100 -0.037000
v 0.028015 -0.010731 0.037000
v 0.028015 -0.010731 -0.037000
v 0.028050 -0.010638 0.037000
v 0.028050 -0.010638 -0.037000
v 0.028834 -0.008283 0.037000
v 0.028834 -0.008283 -0.037000
v 0.029128 -0.007179 0.037000
v 0.029128 -0.007179 -0.037000
v 0.029439 -0.005774 0.037000
v 0.029439 -0.005774 -0.037000
v 0.029781 -0.003616 0.037000
v 0.029781 -0.003616 -0.037000
v 0.029827 -0.003221 0.037000
v 0.029827 -0.003221 -0.037000
v 0.029993 -0.000645 0.037000
v 0.029993 -0.000645 -0.037000
v 0.030000 -0.000000 0.037000
v 0.030000 -0.000000 -0.037000
v 0.029938 0.001935 0.037000
v 0.029938 0.001935 -0.037000
v 0.029781 0.003616 0.037000
v 0.029781 0.003616 -0.037000
v 0.029660 0.004502 0.037000
v 0.029660 0.004502 -0.037000
v 0.029164 0.007035 0.037000
v 0.029164 0.007035 -0.037000
v 0.029128 0.007179 0.037000
v 0.029128 0.007179 -0.037000
v 0.028451 0.009516 0.037000
v 0.028451 0.009516 -0.037000
v 0.028050 0.010638 0.037000
v 0.028050 0.010638 -0.037000
v 0.027528 0.011926 0.037000
v 0.027528 0.011926 -0.037000
v 0.026564 0.013942 0.037000
v 0.026564 0.013942 -0.037000
v 0.026400 0.014249 0.037000
v 0.026400 0.014249 -0.037000
v 0.025078 0.016465 0.037000
v 0.025078 0.016465 -0.037000
v 0.024690 0.017042 0.037000
v 0.024690 0.017042 -0.037000
v 0.023570 0.018560 0.037000
v 0.023570 0.018560 -0.037000
v 0.022455 0.019894 0.037000
v 0.022455 0.019894 -0.037000
v 0.021887 0.020518 0.037000
v 0.021887 0.020518 -0.037000
v 0.020042 0.022323 0.037000
v 0.020042 0.022323 -0.037000
v 0.019894 0.022455 0.037000
v 0.019894 0.022455 -0.037000
v 0.018049 0.023963 0.037000
v 0.018049 0.023963 -0.037000
v 0.017042 0.024690 0.037000
v 0.017042 0.024690 -0.037000
v 0.015922 0.025426 0.037000
v 0.015922 0.025426 -0.037000
v 0.013942 0.026564 0.037000
v 0.013942 0.026564 -0.037000
v 0.013677 0.026701 0.037000
v 0.013677 0.026701 -0.037000
v 0.011331 0.027778 0.037000
v 0.011331 0.027778 -0.037000
v 0.010638 0.028050 0.037000
v 0.010638 0.028050 -0.037000
v 0.008901 0.028649 0.037000
v 0.008901 0.028649 -0.037000
v 0.007179 0.029128 0.037000
v 0.007179 0.029128 -0.037000
v 0.006406 0.029308 0.037000
v 0.006406 0.029308 -0.037000
v 0.003862 0.029750 0.037000
v 0.003862 0.029750 -0.037000
v 0.003616 0.029781 0.037000
v 0.003616 0.029781 -0.037000
v -0.015000 -0.015000 0.040000
v -0.018885 -0.019296 0.040000
v -0.017157 -0.020848 0.040000
v -0.015000 0.015000 0.040000
v -0.019698 0.018466 0.040000
v -0.021213 0.016704 0.040000
v -0.018038 0.020091 0.040000
v -0.015301 -0.022246 0.040000
v -0.013332 -0.023479 0.040000
v 0.015000 -0.015000 0.040000
v -0.011264 -0.024538 0.040000
v -0.009113 -0.025416 0.040000
v -0.006895 -0.026105 0.040000
v -0.004625 -0.026601 0.040000
v 0.015301 -0.022246 0.040000
v 0.017157 -0.020848 0.040000
v 0.026844 -0.002899 0.040000
v 0.026994 -0.000581 0.040000
v -0.002321 -0.026900 0.040000
v 0.000000 -0.027000 0.040000
v 0.002321 -0.026900 0.040000
v -0.023187 -0.013834 0.040000
v -0.021912 -0.015776 0.040000
v -0.020474 -0.017601 0.040000
v 0.022570 0.014819 0.040000
v 0.021213 0.016704 0.040000
v 0.015000 0.015000 0.040000
v 0.019698 0.018466 0.040000
v 0.018038 0.020091 0.040000
v -0.012309 0.024031 0.040000
v -0.014330 0.022884 0.040000
v -0.016244 0.021567 0.040000
v 0.004625 -0.026601 0.040000
v 0.006895 -0.026105 0.040000
v 0.009113 -0.025416 0.040000
v -0.022570 0.014819 0.040000
v -0.023760 0.012824 0.040000
v -0.024775 0.010734 0.040000
v -0.026694 0.004051 0.040000
v -0.026944 0.001742 0.040000
v -0.026994 -0.000581 0.040000
v -0.026844 -0.002899 0.040000
v -0.026495 -0.005196 0.040000
v 0.016244 0.021567 0.040000
v 0.014330 0.022884 0.040000
v 0.012309 0.024031 0.040000
v -0.010198 0.025000 0.040000
v -0.008011 0.025784 0.040000
v 0.018885 -0.019296 0.040000
v 0.020474 -0.017601 0.040000
v 0.021912 -0.015776 0.040000
v 0.023187 -0.013834 0.040000
v 0.024290 -0.011790 0.040000
v 0.025214 -0.009658 0.040000
v 0.026944 0.001742 0.040000
v 0.026694 0.004051 0.040000
v 0.026247 0.006331 0.040000
v 0.011264 -0.024538 0.040000
v 0.013332 -0.023479 0.040000
v -0.025606 0.008564 0.040000
v -0.026247 0.006331 0.040000
v -0.025951 -0.007455 0.040000
v -0.025214 -0.009658 0.040000
v -0.024290 -0.011790 0.040000
v 0.025951 -0.007455 0.040000
v 0.026495 -0.005196 0.040000
v 0.025606 0.008564 0.040000
v 0.024775 0.010734 0.040000
v 0.023760 0.012824 0.040000
v 0.010198 0.025000 0.040000
v 0.008011 0.025784 0.040000
v 0.005765 0.026377 0.040000
v -0.001162 0.026975 0.040000
v -0.003476 0.026775 0.040000
v -0.005765 0.026377 0.040000
v 0.003476 0.026775 0.040000
v 0.001162 0.026975 0.040000
v 0.000000 -0.027000 -0.040000
v -0.002321 -0.026900 -0.040000
v 0.000000 -0.000000 -0.040000
v 0.006895 -0.026105 -0.040000
v 0.004625 -0.026601 -0.040000
v 0.002321 -0.026900 -0.040000
v 0.013332 -0.023479 -0.040000
v 0.011264 -0.024538 -0.040000
v 0.009113 -0.025416 -0.040000
v 0.018885 -0.019296 -0.040000
v 0.017157 -0.020848 -0.040000
v 0.015301 -0.022246 -0.040000
v 0.023187 -0.013834 -0.040000
v 0.021912 -0.015776 -0.040000
v 0.020474 -0.017601 -0.040000
v 0.025951 -0.007455 -0.040000
v 0.025214 -0.009658 -0.040000
v 0.024290 -0.011790 -0.040000
v 0.026994 -0.000581 -0.040000
v 0.026844 -0.002899 -0.040000
v 0.026495 -0.005196 -0.040000
v 0.026247 0.006331 -0.040000
v 0.026694 0.004051 -0.040000
v 0.026944 0.001742 -0.040000
v 0.023760 0.012824 -0.040000
v 0.024775 0.010734 -0.040000
v 0.025606 0.008564 -0.040000
v 0.019698 0.018466 -0.040000
v 0.021213 0.016704 -0.040000
v 0.022570 0.014819 -0.040000
v 0.014330 0.022884 -0.040000
v 0.016244 0.021567 -0.040000
v 0.018038 0.020091 -0.040000
v 0.008011 0.025784 -0.040000
v 0.010198 0.025000 -0.040000
v 0.012309 0.024031 -0.040000
v 0.001162 0.026975 -0.040000
v 0.003476 0.026775 -0.040000
v 0.005765 0.026377 -0.040000
v -0.005765 0.026377 -0.040000
v -0.003476 0.026775 -0.040000
v -0.001162 0.026975 -0.040000
v -0.012309 0.024031 -0.040000
v -0.010198 0.025000 -0.040000
v -0.008011 0.025784 -0.040000
v -0.018038 0.020091 -0.040000
v -0.016244 0.021567 -0.040000
v -0.014330 0.022884 -0.040000
v -0.022570 0.014819 -0.040000
v -0.021213 0.016704 -0.040000
v -0.019698 0.018466 -0.040000
v -0.025606 0.008564 -0.040000
v -0.024775 0.010734 -0.040000
v -0.023760 0.012824 -0.040000
v -0.026944 0.001742 -0.040000
v -0.026694 0.004051 -0.040000
v -0.026247 0.006331 -0.040000
v -0.026495 -0.005196 -0.040000
v -0.026844 -0.002899 -0.040000
v -0.026994 -0.000581 -0.040000
v -0.024290 -0.011790 -0.040000
v -0.025214 -0.009658 -0.040000
v -0.025951 -0.007455 -0.040000
v -0.020474 -0.017601 -0.040000
v -0.021912 -0.015776 -0.040000
v -0.023187 -0.013834 -0.040000
v -0.015301 -0.022246 -0.040000
v -0.017157 -0.020848 -0.040000
v -0.018885 -0.019296 -0.040000
v -0.009113 -0.025416 -0.040000
v -0.011264 -0.024538 -0.040000
v -0.013332 -0.023479 -0.040000
v -0.004625 -0.026601 -0.040000
v -0.006895 -0.026105 -0.040000
v -0.014795 -0.026056 -0.037469
v -0.012500 -0.027231 -0.037469
v -0.010113 -0.028205 -0.037469
v -0.007651 -0.028970 -0.037469
v -0.016980 -0.024687 -0.037469
v -0.019039 -0.023136 -0.037469
v -0.020958 -0.021414 -0.037469
v -0.022721 -0.019533 -0.037469
v -0.024316 -0.017507 -0.037469
v -0.025731 -0.015352 -0.037469
v -0.026956 -0.013083 -0.037469
v -0.027981 -0.010718 -0.037469
v -0.028798 -0.008273 -0.037469
v -0.029403 -0.005766 -0.037469
v -0.029790 -0.003217 -0.037469
v -0.029956 -0.000645 -0.037469
v -0.029901 0.001933 -0.037469
v -0.029624 0.004496 -0.037469
v -0.029128 0.007026 -0.037469
v -0.028416 0.009504 -0.037469
v -0.027494 0.011912 -0.037469
v -0.026368 0.014231 -0.037469
v -0.025047 0.016445 -0.037469
v -0.023540 0.018537 -0.037469
v -0.021860 0.020492 -0.037469
v -0.020017 0.022296 -0.037469
v -0.018027 0.023934 -0.037469
v -0.015902 0.025395 -0.037469
v -0.013660 0.026668 -0.037469
v -0.011317 0.027744 -0.037469
v -0.008890 0.028614 -0.037469
v -0.006398 0.029272 -0.037469
v -0.003858 0.029714 -0.037469
v -0.001289 0.029935 -0.037469
v 0.001289 0.029935 -0.037469
v 0.003858 0.029714 -0.037469
v 0.006398 0.029272 -0.037469
v 0.008890 0.028614 -0.037469
v 0.011317 0.027744 -0.037469
v 0.013660 0.026668 -0.037469
v 0.015902 0.025395 -0.037469
v 0.018027 0.023934 -0.037469
v 0.020017 0.022296 -0.037469
v 0.021860 0.020492 -0.037469
v 0.023540 0.018537 -0.037469
v 0.025047 0.016445 -0.037469
v 0.026368 0.014231 -0.037469
v 0.027494 0.011912 -0.037469
v 0.028416 0.009504 -0.037469
v 0.029128 0.007026 -0.037469
v 0.029624 0.004496 -0.037469
v 0.029901 0.001933 -0.037469
v 0.029956 -0.000645 -0.037469
v 0.029790 -0.003217 -0.037469
v 0.029403 -0.005766 -0.037469
v 0.028798 -0.008273 -0.037469
v 0.027981 -0.010718 -0.037469
v 0.026956 -0.013083 -0.037469
v 0.025731 -0.015352 -0.037469
v 0.024316 -0.017507 -0.037469
v 0.022721 -0.019533 -0.037469
v 0.020958 -0.021414 -0.037469
v 0.019039 -0.023136 -0.037469
v 0.016980 -0.024687 -0.037469
v 0.014795 -0.026056 -0.037469
v 0.012500 -0.027231 -0.037469
v 0.010113 -0.028205 -0.037469
v 0.007651 -0.028970 -0.037469
v 0.005132 -0.029520 -0.037469
v 0.002576 -0.029852 -0.037469
v 0.000000 -0.029963 -0.037469
v -0.002576 -0.029852 -0.037469
v -0.005132 -0.029520 -0.037469
v 0.002566 -0.029743 -0.037927
v 0.005114 -0.029412 -0.037927
v 0.007623 -0.028863 -0.037927
v 0.010076 -0.028101 -0.037927
v 0.012455 -0.027131 -0.037927
v 0.014741 -0.025960 -0.037927
v 0.016918 -0.024597 -0.037927
v 0.018970 -0.023051 -0.037927
v 0.020881 -0.021335 -0.037927
v 0.022638 -0.019461 -0.037927
v 0.024227 -0.017443 -0.037927
v 0.025637 -0.015296 -0.037927
v 0.026857 -0.013035 -0.037927
v 0.027878 -0.010678 -0.037927
v 0.028693 -0.008242 -0.037927
v 0.029295 -0.005745 -0.037927
v 0.029681 -0.003206 -0.037927
v 0.029846 -0.000642 -0.037927
v 0.029791 0.001926 -0.037927
v 0.029515 0.004480 -0.037927
v 0.029021 0.007000 -0.037927
v 0.028312 0.009469 -0.037927
v 0.027393 0.011868 -0.037927
v 0.026271 0.014179 -0.037927
v 0.024955 0.016385 -0.037927
v 0.023454 0.018469 -0.037927
v 0.021780 0.020417 -0.037927
v 0.019944 0.022214 -0.037927
v 0.017960 0.023846 -0.037927
v 0.015844 0.025302 -0.037927
v 0.013610 0.026570 -0.037927
v 0.011276 0.027642 -0.037927
v 0.008858 0.028509 -0.037927
v 0.006374 0.029165 -0.037927
v 0.003844 0.029605 -0.037927
v 0.001284 0.029826 -0.037927
v -0.001284 0.029826 -0.037927
v -0.003844 0.029605 -0.037927
v -0.006374 0.029165 -0.037927
v -0.008858 0.028509 -0.037927
v -0.011276 0.027642 -0.037927
v -0.013610 0.026570 -0.037927
v -0.015844 0.025302 -0.037927
v -0.017960 0.023846 -0.037927
v -0.019944 0.022214 -0.037927
v -0.021780 0.020417 -0.037927
v -0.023454 0.018469 -0.037927
v -0.024955 0.016385 -0.037927
v -0.026271 0.014179 -0.037927
v -0.027393 0.011868 -0.037927
v -0.028312 0.009469 -0.037927
v -0.029021 0.007000 -0.037927
v -0.029515 0.004480 -0.037927
v -0.029791 0.001926 -0.037927
v -0.029846 -0.000642 -0.037927
v -0.029681 -0.003206 -0.037927
v -0.029295 -0.005745 -0.037927
v -0.028693 -0.008242 -0.037927
v -0.027878 -0.010678 -0.037927
v -0.026857 -0.013035 -0.037927
v -0.025637 -0.015296 -0.037927
v -0.024227 -0.017443 -0.037927
v -0.022638 -0.019461 -0.037927
v -0.020881 -0.021335 -0.037927
v -0.018970 -0.023051 -0.037927
v -0.016918 -0.024597 -0.037927
v -0.014741 -0.025960 -0.037927
v -0.012455 -0.027131 -0.037927
v -0.010076 -0.028101 -0.037927
v -0.007623 -0.028863 -0.037927
v -0.005114 -0.029412 -0.037927
v -0.002566 -0.029743 -0.037927
v 0.000000 -0.029853 -0.037927
v 0.002551 -0.029563 -0.038362
v 0.005083 -0.029234 -0.038362
v 0.007577 -0.028689 -0.038362
v 0.010015 -0.027932 -0.038362
v 0.012379 -0.026967 -0.038362
v 0.014652 -0.025803 -0.038362
v 0.016816 -0.024448 -0.038362
v 0.018855 -0.022912 -0.038362
v 0.020755 -0.021207 -0.038362
v 0.022501 -0.019344 -0.038362
v 0.024081 -0.017338 -0.038362
v 0.025482 -0.015204 -0.038362
v 0.026695 -0.012957 -0.038362
v 0.027710 -0.010614 -0.038362
v 0.028520 -0.008193 -0.038362
v 0.029118 -0.005711 -0.038362
v 0.029501 -0.003186 -0.038362
v 0.029666 -0.000638 -0.038362
v 0.029611 0.001914 -0.038362
v 0.029337 0.004453 -0.038362
v 0.028846 0.006958 -0.038362
v 0.028141 0.009412 -0.038362
v 0.027227 0.011796 -0.038362
v 0.026113 0.014093 -0.038362
v 0.024804 0.016286 -0.038362
v 0.023313 0.018358 -0.038362
v 0.021648 0.020294 -0.038362
v 0.019823 0.022080 -0.038362
v 0.017852 0.023702 -0.038362
v 0.015748 0.025149 -0.038362
v 0.013528 0.026410 -0.038362
v 0.011208 0.027475 -0.038362
v 0.008804 0.028337 -0.038362
v 0.006336 0.028989 -0.038362
v 0.003820 0.029426 -0.038362
v 0.001277 0.029646 -0.038362
v -0.001277 0.029646 -0.038362
v -0.003820 0.029426 -0.038362
v -0.006336 0.028989 -0.038362
v -0.008804 0.028337 -0.038362
v -0.011208 0.027475 -0.038362
v -0.013528 0.026410 -0.038362
v -0.015748 0.025149 -0.038362
v -0.017852 0.023702 -0.038362
v -0.019823 0.022080 -0.038362
v -0.021648 0.020294 -0.038362
v -0.023313 0.018358 -0.038362
v -0.024804 0.016286 -0.038362
v -0.026113 0.014093 -0.038362
v -0.027227 0.011796 -0.038362
v -0.028141 0.009412 -0.038362
v -0.028846 0.006958 -0.038362
v -0.029337 0.004453 -0.038362
v -0.029611 0.001914 -0.038362
v -0.029666 -0.000638 -0.038362
v -0.029501 -0.003186 -0.038362
v -0.029118 -0.005711 -0.038362
v -0.028520 -0.008193 -0.038362
v -0.027710 -0.010614 -0.038362
v -0.026695 -0.012957 -0.038362
v -0.025482 -0.015204 -0.038362
v -0.024081 -0.017338 -0.038362
v -0.022501 -0.019344 -0.038362
v -0.020755 -0.021207 -0.038362
v -0.018855 -0.022912 -0.038362
v -0.016816 -0.024448 -0.038362
v -0.014652 -0.025803 -0.038362
v -0.012379 -0.026967 -0.038362
v -0.010015 -0.027932 -0.038362
v -0.007577 -0.028689 -0.038362
v -0.005083 -0.029234 -0.038362
v -0.002551 -0.029563 -0.038362
v 0.000000 -0.029673 -0.038362
v 0.002530 -0.029318 -0.038763
v 0.005041 -0.028992 -0.038763
v 0.007514 -0.028451 -0.038763
v 0.009932 -0.027700 -0.038763
v 0.012277 -0.026744 -0.038763
v 0.014530 -0.025589 -0.038763
v 0.016676 -0.024246 -0.038763
v 0.018699 -0.022722 -0.038763
v 0.020583 -0.021031 -0.038763
v 0.022315 -0.019183 -0.038763
v 0.023881 -0.017194 -0.038763
v 0.025271 -0.015078 -0.038763
v 0.026473 -0.012849 -0.038763
v 0.027480 -0.010526 -0.038763
v 0.028283 -0.008125 -0.038763
v 0.028877 -0.005663 -0.038763
v 0.029257 -0.003160 -0.038763
v 0.029420 -0.000633 -0.038763
v 0.029366 0.001898 -0.038763
v 0.029094 0.004416 -0.038763
v 0.028607 0.006900 -0.038763
v 0.027907 0.009334 -0.038763
v 0.027002 0.011699 -0.038763
v 0.025896 0.013976 -0.038763
v 0.024599 0.016151 -0.038763
v 0.023119 0.018206 -0.038763
v 0.021469 0.020126 -0.038763
v 0.019659 0.021897 -0.038763
v 0.017704 0.023506 -0.038763
v 0.015618 0.024941 -0.038763
v 0.013416 0.026191 -0.038763
v 0.011115 0.027247 -0.038763
v 0.008731 0.028102 -0.038763
v 0.006283 0.028748 -0.038763
v 0.003789 0.029182 -0.038763
v 0.001266 0.029400 -0.038763
v -0.001266 0.029400 -0.038763
v -0.003789 0.029182 -0.038763
v -0.006283 0.028748 -0.038763
v -0.008731 0.028102 -0.038763
v -0.011115 0.027247 -0.038763
v -0.013416 0.026191 -0.038763
v -0.015618 0.024941 -0.038763
v -0.017704 0.023506 -0.038763
v -0.019659 0.021897 -0.038763
v -0.021469 0.020126 -0.038763
v -0.023119 0.018206 -0.038763
v -0.024599 0.016151 -0.038763
v -0.025896 0.013976 -0.038763
v -0.027002 0.011699 -0.038763
v -0.027907 0.009334 -0.038763
v -0.028607 0.006900 -0.038763
v -0.029094 0.004416 -0.038763
v -0.029366 0.001898 -0.038763
v -0.029420 -0.000633 -0.038763
v -0.029257 -0.003160 -0.038763
v -0.028877 -0.005663 -0.038763
v -0.028283 -0.008125 -0.038763
v -0.027480 -0.010526 -0.038763
v -0.026473 -0.012849 -0.038763
v -0.025271 -0.015078 -0.038763
v -0.023881 -0.017194 -0.038763
v -0.022315 -0.019183 -0.038763
v -0.020583 -0.021031 -0.038763
v -0.018699 -0.022722 -0.038763
v -0.016676 -0.024246 -0.038763
v -0.014530 -0.025589 -0.038763
v -0.012277 -0.026744 -0.038763
v -0.009932 -0.027700 -0.038763
v -0.007514 -0.028451 -0.038763
v -0.005041 -0.028992 -0.038763
v -0.002530 -0.029318 -0.038763
v 0.000000 -0.029427 -0.038763
v 0.002503 -0.029014 -0.039121
v 0.004988 -0.028691 -0.039121
v 0.007436 -0.028156 -0.039121
v 0.009829 -0.027412 -0.039121
v 0.012149 -0.026466 -0.039121
v 0.014379 -0.025324 -0.039121
v 0.016503 -0.023994 -0.039121
v 0.018505 -0.022486 -0.039121
v 0.020369 -0.020812 -0.039121
v 0.022083 -0.018984 -0.039121
v 0.023633 -0.017016 -0.039121
v 0.025008 -0.014921 -0.039121
v 0.026198 -0.012716 -0.039121
v 0.027195 -0.010417 -0.039121
v 0.027989 -0.008040 -0.039121
v 0.028577 -0.005604 -0.039121
v 0.028953 -0.003127 -0.039121
v 0.029115 -0.000627 -0.039121
v 0.029061 0.001879 -0.039121
v 0.028792 0.004370 -0.039121
v 0.028309 0.006829 -0.039121
v 0.027618 0.009237 -0.039121
v 0.026721 0.011577 -0.039121
v 0.025627 0.013831 -0.039121
v 0.024343 0.015983 -0.039121
v 0.022879 0.018017 -0.039121
v 0.021246 0.019917 -0.039121
v 0.019455 0.021669 -0.039121
v 0.017520 0.023262 -0.039121
v 0.015456 0.024682 -0.039121
v 0.013277 0.025919 -0.039121
v 0.010999 0.026964 -0.039121
v 0.008641 0.027810 -0.039121
v 0.006218 0.028450 -0.039121
v 0.003749 0.028879 -0.039121
v 0.001253 0.029094 -0.039121
v -0.001253 0.029094 -0.039121
v -0.003749 0.028879 -0.039121
v -0.006218 0.028450 -0.039121
v -0.008641 0.027810 -0.039121
v -0.010999 0.026964 -0.039121
v -0.013277 0.025919 -0.039121
v -0.015456 0.024682 -0.039121
v -0.017520 0.023262 -0.039121
v -0.019455 0.021669 -0.039121
v -0.021246 0.019917 -0.039121
v -0.022879 0.018017 -0.039121
v -0.024343 0.015983 -0.039121
v -0.025627 0.013831 -0.039121
v -0.026721 0.011577 -0.039121
v -0.027618 0.009237 -0.039121
v -0.028309 0.006829 -0.039121
v -0.028792 0.004370 -0.039121
v -0.029061 0.001879 -0.039121
v -0.029115 -0.000627 -0.039121
v -0.028953 -0.003127 -0.039121
v -0.028577 -0.005604 -0.039121
v -0.027989 -0.008040 -0.039121
v -0.027195 -0.010417 -0.039121
v -0.026198 -0.012716 -0.039121
v -0.025008 -0.014921 -0.039121
v -0.023633 -0.017016 -0.039121
v -0.022083 -0.018984 -0.039121
v -0.020369 -0.020812 -0.039121
v -0.018505 -0.022486 -0.039121
v -0.016503 -0.023994 -0.039121
v -0.014379 -0.025324 -0.039121
v -0.012149 -0.026466 -0.039121
v -0.009829 -0.027412 -0.039121
v -0.007436 -0.028156 -0.039121
v -0.004988 -0.028691 -0.039121
v -0.002503 -0.029014 -0.039121
v 0.000000 -0.029121 -0.039121
v 0.002473 -0.028657 -0.039427
v 0.004927 -0.028338 -0.039427
v 0.007345 -0.027810 -0.039427
v 0.009708 -0.027075 -0.039427
v 0.012000 -0.026141 -0.039427
v 0.014203 -0.025012 -0.039427
v 0.016300 -0.023699 -0.039427
v 0.018277 -0.022210 -0.039427
v 0.020119 -0.020556 -0.039427
v 0.021811 -0.018751 -0.039427
v 0.023343 -0.016806 -0.039427
v 0.024701 -0.014738 -0.039427
v 0.025876 -0.012560 -0.039427
v 0.026860 -0.010289 -0.039427
v 0.027645 -0.007941 -0.039427
v 0.028226 -0.005536 -0.039427
v 0.028597 -0.003089 -0.039427
v 0.028757 -0.000619 -0.039427
v 0.028703 0.001855 -0.039427
v 0.028438 0.004316 -0.039427
v 0.027961 0.006745 -0.039427
v 0.027278 0.009123 -0.039427
v 0.026393 0.011435 -0.039427
v 0.025312 0.013661 -0.039427
v 0.024044 0.015787 -0.039427
v 0.022598 0.017795 -0.039427
v 0.020985 0.019672 -0.039427
v 0.019216 0.021403 -0.039427
v 0.017305 0.022976 -0.039427
v 0.015266 0.024378 -0.039427
v 0.013113 0.025600 -0.039427
v 0.010864 0.026633 -0.039427
v 0.008534 0.027468 -0.039427
v 0.006142 0.028100 -0.039427
v 0.003703 0.028524 -0.039427
v 0.001237 0.028737 -0.039427
v -0.001237 0.028737 -0.039427
v -0.003703 0.028524 -0.039427
v -0.006142 0.028100 -0.039427
v -0.008534 0.027468 -0.039427
v -0.010864 0.026633 -0.039427
v -0.013113 0.025600 -0.039427
v -0.015266 0.024378 -0.039427
v -0.017305 0.022976 -0.039427
v -0.019216 0.021403 -0.039427
v -0.020985 0.019672 -0.039427
v -0.022598 0.017795 -0.039427
v -0.024044 0.015787 -0.039427
v -0.025312 0.013661 -0.039427
v -0.026393 0.011435 -0.039427
v -0.027278 0.009123 -0.039427
v -0.027961 0.006745 -0.039427
v -0.028438 0.004316 -0.039427
v -0.028703 0.001855 -0.039427
v -0.028757 -0.000619 -0.039427
v -0.028597 -0.003089 -0.039427
v -0.028226 -0.005536 -0.039427
v -0.027645 -0.007941 -0.039427
v -0.026860 -0.010289 -0.039427
v -0.025876 -0.012560 -0.039427
v -0.024701 -0.014738 -0.039427
v -0.023343 -0.016806 -0.039427
v -0.021811 -0.018751 -0.039427
v -0.020119 -0.020556 -0.039427
v -0.018277 -0.022210 -0.039427
v -0.016300 -0.023699 -0.039427
v -0.014203 -0.025012 -0.039427
v -0.012000 -0.026141 -0.039427
v -0.009708 -0.027075 -0.039427
v -0.007345 -0.027810 -0.039427
v -0.004927 -0.028338 -0.039427
v -0.002473 -0.028657 -0.039427
v 0.000000 -0.028763 -0.039427
v 0.002438 -0.028257 -0.039673
v 0.004858 -0.027943 -0.039673
v 0.007242 -0.027422 -0.039673
v 0.009573 -0.026698 -0.039673
v 0.011832 -0.025776 -0.039673
v 0.014004 -0.024663 -0.039673
v 0.016073 -0.023368 -0.039673
v 0.018022 -0.021900 -0.039673
v 0.019838 -0.020270 -0.039673
v 0.021507 -0.018489 -0.039673
v 0.023017 -0.016572 -0.039673
v 0.024356 -0.014532 -0.039673
v 0.025515 -0.012384 -0.039673
v 0.026485 -0.010145 -0.039673
v 0.027260 -0.007831 -0.039673
v 0.027832 -0.005458 -0.039673
v 0.028198 -0.003046 -0.039673
v 0.028355 -0.000610 -0.039673
v 0.028303 0.001830 -0.039673
v 0.028041 0.004256 -0.039673
v 0.027571 0.006651 -0.039673
v 0.026897 0.008996 -0.039673
v 0.026024 0.011275 -0.039673
v 0.024959 0.013471 -0.039673
v 0.023708 0.015566 -0.039673
v 0.022283 0.017547 -0.039673
v 0.020692 0.019397 -0.039673
v 0.018948 0.021104 -0.039673
v 0.017063 0.022655 -0.039673
v 0.015053 0.024038 -0.039673
v 0.012930 0.025243 -0.039673
v 0.010713 0.026261 -0.039673
v 0.008415 0.027085 -0.039673
v 0.006056 0.027708 -0.039673
v 0.003652 0.028126 -0.039673
v 0.001220 0.028336 -0.039673
v -0.001220 0.028336 -0.039673
v -0.003652 0.028126 -0.039673
v -0.006056 0.027708 -0.039673
v -0.008415 0.027085 -0.039673
v -0.010713 0.026261 -0.039673
v -0.012930 0.025243 -0.039673
v -0.015053 0.024038 -0.039673
v -0.017063 0.022655 -0.039673
v -0.018948 0.021104 -0.039673
v -0.020692 0.019397 -0.039673
v -0.022283 0.017547 -0.039673
v -0.023708 0.015566 -0.039673
v -0.024959 0.013471 -0.039673
v -0.026024 0.011275 -0.039673
v -0.026897 0.008996 -0.039673
v -0.027571 0.006651 -0.039673
v -0.028041 0.004256 -0.039673
v -0.028303 0.001830 -0.039673
v -0.028355 -0.000610 -0.039673
v -0.028198 -0.003046 -0.039673
v -0.027832 -0.005458 -0.039673
v -0.027260 -0.007831 -0.039673
v -0.026485 -0.010145 -0.039673
v -0.025515 -0.012384 -0.039673
v -0.024356 -0.014532 -0.039673
v -0.023017 -0.016572 -0.039673
v -0.021507 -0.018489 -0.039673
v -0.019838 -0.020270 -0.039673
v -0.018022 -0.021900 -0.039673
v -0.016073 -0.023368 -0.039673
v -0.014004 -0.024663 -0.039673
v -0.011832 -0.025776 -0.039673
v -0.009573 -0.026698 -0.039673
v -0.007242 -0.027422 -0.039673
v -0.004858 -0.027943 -0.039673
v -0.002438 -0.028257 -0.039673
v 0.000000 -0.028362 -0.039673
v 0.002401 -0.027824 -0.039853
v 0.004784 -0.027514 -0.039853
v 0.007131 -0.027001 -0.039853
v 0.009426 -0.026288 -0.039853
v 0.011651 -0.025381 -0.039853
v 0.013790 -0.024285 -0.039853
v 0.015826 -0.023010 -0.039853
v 0.017746 -0.021564 -0.039853
v 0.019534 -0.019959 -0.039853
v 0.021177 -0.018206 -0.039853
v 0.022664 -0.016318 -0.039853
v 0.023983 -0.014309 -0.039853
v 0.025124 -0.012194 -0.039853
v 0.026079 -0.009989 -0.039853
v 0.026842 -0.007711 -0.039853
v 0.027405 -0.005375 -0.039853
v 0.027766 -0.002999 -0.039853
v 0.027921 -0.000601 -0.039853
v 0.027869 0.001802 -0.039853
v 0.027611 0.004191 -0.039853
v 0.027148 0.006549 -0.039853
v 0.026485 0.008858 -0.039853
v 0.025625 0.011102 -0.039853
v 0.024576 0.013264 -0.039853
v 0.023345 0.015328 -0.039853
v 0.021941 0.017278 -0.039853
v 0.020374 0.019100 -0.039853
v 0.018657 0.020781 -0.039853
v 0.016802 0.022308 -0.039853
v 0.014822 0.023669 -0.039853
v 0.012732 0.024856 -0.039853
v 0.010548 0.025858 -0.039853
v 0.008286 0.026669 -0.039853
v 0.005963 0.027283 -0.039853
v 0.003596 0.027695 -0.039853
v 0.001201 0.027901 -0.039853
v -0.001201 0.027901 -0.039853
v -0.003596 0.027695 -0.039853
v -0.005963 0.027283 -0.039853
v -0.008286 0.026669 -0.039853
v -0.010548 0.025858 -0.039853
v -0.012732 0.024856 -0.039853
v -0.014822 0.023669 -0.039853
v -0.016802 0.022308 -0.039853
v -0.018657 0.020781 -0.039853
v -0.020374 0.019100 -0.039853
v -0.021941 0.017278 -0.039853
v -0.023345 0.015328 -0.039853
v -0.024576 0.013264 -0.039853
v -0.025625 0.011102 -0.039853
v -0.026485 0.008858 -0.039853
v -0.027148 0.006549 -0.039853
v -0.027611 0.004191 -0.039853
v -0.027869 0.001802 -0.039853
v -0.027921 -0.000601 -0.039853
v -0.027766 -0.002999 -0.039853
v -0.027405 -0.005375 -0.039853
v -0.026842 -0.007711 -0.039853
v -0.026079 -0.009989 -0.039853
v -0.025124 -0.012194 -0.039853
v -0.023983 -0.014309 -0.039853
v -0.022664 -0.016318 -0.039853
v -0.021177 -0.018206 -0.039853
v -0.019534 -0.019959 -0.039853
v -0.017746 -0.021564 -0.039853
v -0.015826 -0.023010 -0.039853
v -0.013790 -0.024285 -0.039853
v -0.011651 -0.025381 -0.039853
v -0.009426 -0.026288 -0.039853
v -0.007131 -0.027001 -0.039853
v -0.004784 -0.027514 -0.039853
v -0.002401 -0.027824 -0.039853
v 0.000000 -0.027927 -0.039853
v 0.002361 -0.027368 -0.039963
v 0.004705 -0.027063 -0.039963
v 0.007014 -0.026559 -0.039963
v 0.009272 -0.025857 -0.039963
v 0.011460 -0.024965 -0.039963
v 0.013564 -0.023887 -0.039963
v 0.015567 -0.022633 -0.039963
v 0.017455 -0.021211 -0.039963
v 0.019214 -0.019632 -0.039963
v 0.020830 -0.017907 -0.039963
v 0.022292 -0.016050 -0.039963
v 0.023590 -0.014074 -0.039963
v 0.024712 -0.011995 -0.039963
v 0.025652 -0.009826 -0.039963
v 0.026402 -0.007584 -0.039963
v 0.026956 -0.005287 -0.039963
v 0.027310 -0.002950 -0.039963
v 0.027463 -0.000591 -0.039963
v 0.027412 0.001772 -0.039963
v 0.027158 0.004122 -0.039963
v 0.026703 0.006441 -0.039963
v 0.026051 0.008713 -0.039963
v 0.025205 0.010920 -0.039963
v 0.024173 0.013047 -0.039963
v 0.022962 0.015076 -0.039963
v 0.021581 0.016994 -0.039963
v 0.020040 0.018787 -0.039963
v 0.018351 0.020440 -0.039963
v 0.016526 0.021942 -0.039963
v 0.014579 0.023281 -0.039963
v 0.012523 0.024448 -0.039963
v 0.010375 0.025435 -0.039963
v 0.008150 0.026232 -0.039963
v 0.005865 0.026836 -0.039963
v 0.003537 0.027241 -0.039963
v 0.001182 0.027444 -0.039963
v -0.001182 0.027444 -0.039963
v -0.003537 0.027241 -0.039963
v -0.005865 0.026836 -0.039963
v -0.008150 0.026232 -0.039963
v -0.010375 0.025435 -0.039963
v -0.012523 0.024448 -0.039963
v -0.014579 0.023281 -0.039963
v -0.016526 0.021942 -0.039963
v -0.018351 0.020440 -0.039963
v -0.020040 0.018787 -0.039963
v -0.021581 0.016994 -0.039963
v -0.022962 0.015076 -0.039963
v -0.024173 0.013047 -0.039963
v -0.025205 0.010920 -0.039963
v -0.026051 0.008713 -0.039963
v -0.026703 0.006441 -0.039963
v -0.027158 0.004122 -0.039963
v -0.027412 0.001772 -0.039963
v -0.027463 -0.000591 -0.039963
v -0.027310 -0.002950 -0.039963
v -0.026956 -0.005287 -0.039963
v -0.026402 -0.007584 -0.039963
v -0.025652 -0.009826 -0.039963
v -0.024712 -0.011995 -0.039963
v -0.023590 -0.014074 -0.039963
v -0.022292 -0.016050 -0.039963
v -0.020830 -0.017907 -0.039963
v -0.019214 -0.019632 -0.039963
v -0.017455 -0.021211 -0.039963
v -0.015567 -0.022633 -0.039963
v -0.013564 -0.023887 -0.039963
v -0.011460 -0.024965 -0.039963
v -0.009272 -0.025857 -0.039963
v -0.007014 -0.026559 -0.039963
v -0.004705 -0.027063 -0.039963
v -0.002361 -0.027368 -0.039963
v 0.000000 -0.027469 -0.039963
v 0.002321 -0.026900 -0.040000
v 0.004625 -0.026601 -0.040000
v 0.006895 -0.026105 -0.040000
v 0.009113 -0.025416 -0.040000
v 0.011264 -0.024538 -0.040000
v 0.013332 -0.023479 -0.040000
v 0.015301 -0.022246 -0.040000
v 0.017157 -0.020848 -0.040000
v 0.018885 -0.019296 -0.040000
v 0.020474 -0.017601 -0.040000
v 0.021912 -0.015776 -0.040000
v 0.023187 -0.013834 -0.040000
v 0.024290 -0.011790 -0.040000
v 0.025214 -0.009658 -0.040000
v 0.025951 -0.007455 -0.040000
v 0.026495 -0.005196 -0.040000
v 0.026844 -0.002899 -0.040000
v 0.026994 -0.000581 -0.040000
v 0.026944 0.001742 -0.040000
v 0.026694 0.004051 -0.040000
v 0.026247 0.006331 -0.040000
v 0.025606 0.008564 -0.040000
v 0.024775 0.010734 -0.040000
v 0.023760 0.012824 -0.040000
v 0.022570 0.014819 -0.040000
v 0.021213 0.016704 -0.040000
v 0.019698 0.018466 -0.040000
v 0.018038 0.020091 -0.040000
v 0.016244 0.021567 -0.040000
v 0.014330 0.022884 -0.040000
v 0.012309 0.024031 -0.040000
v 0.010198 0.025000 -0.040000
v 0.008011 0.025784 -0.040000
v 0.005765 0.026377 -0.040000
v 0.003476 0.026775 -0.040000
v 0.001162 0.026975 -0.040000
v -0.001162 0.026975 -0.040000
v -0.003476 0.026775 -0.040000
v -0.005765 0.026377 -0.040000
v -0.008011 0.025784 -0.040000
v -0.010198 0.025000 -0.040000
v -0.012309 0.024031 -0.040000
v -0.014330 0.022884 -0.040000
v -0.016244 0.021567 -0.040000
v -0.018038 0.020091 -0.040000
v -0.019698 0.018466 -0.040000
v -0.021213 0.016704 -0.040000
v -0.022570 0.014819 -0.040000
v -0.023760 0.012824 -0.040000
v -0.024775 0.010734 -0.040000
v -0.025606 0.008564 -0.040000
v -0.026247 0.006331 -0.040000
v -0.026694 0.004051 -0.040000
v -0.026944 0.001742 -0.040000
v -0.026994 -0.000581 -0.040000
v -0.026844 -0.002899 -0.040000
v -0.026495 -0.005196 -0.040000
v -0.025951 -0.007455 -0.040000
v -0.025214 -0.009658 -0.040000
v -0.024290 -0.011790 -0.040000
v -0.023187 -0.013834 -0.040000
v -0.021912 -0.015776 -0.040000
v -0.020474 -0.017601 -0.040000
v -0.018885 -0.019296 -0.040000
v -0.017157 -0.020848 -0.040000
v -0.015301 -0.022246 -0.040000
v -0.013332 -0.023479 -0.040000
v -0.011264 -0.024538 -0.040000
v -0.009113 -0.025416 -0.040000
v -0.006895 -0.026105 -0.040000
v -0.004625 -0.026601 -0.040000
v -0.002321 -0.026900 -0.040000
v 0.000000 -0.027000 -0.040000
v 0.005132 -0.029520 0.037469
v 0.012500 -0.027231 0.037469
v 0.019039 -0.023136 0.037469
v 0.020958 -0.021414 0.037469
v 0.025731 -0.015352 0.037469
v 0.028798 -0.008273 0.037469
v 0.029403 -0.005766 0.037469
v 0.029901 0.001933 0.037469
v 0.028416 0.009504 0.037469
v 0.027494 0.011912 0.037469
v 0.023540 0.018537 0.037469
v 0.018027 0.023934 0.037469
v 0.015902 0.025395 0.037469
v 0.008890 0.028614 0.037469
v 0.001289 0.029935 0.037469
v -0.001289 0.029935 0.037469
v -0.003858 0.029714 0.037469
v -0.008890 0.028614 0.037469
v -0.015902 0.025395 0.037469
v -0.020017 0.022296 0.037469
v -0.023540 0.018537 0.037469
v -0.027494 0.011912 0.037469
v -0.029128 0.007026 0.037469
v -0.029901 0.001933 0.037469
v -0.029403 -0.005766 0.037469
v -0.027981 -0.010718 0.037469
v -0.025731 -0.015352 0.037469
v -0.020958 -0.021414 0.037469
v -0.016980 -0.024687 0.037469
v -0.012500 -0.027231 0.037469
v -0.005132 -0.029520 0.037469
v -0.002361 -0.027368 0.039963
v -0.004705 -0.027063 0.039963
v -0.002401 -0.027824 0.039853
v -0.004784 -0.027514 0.039853
v -0.002438 -0.028257 0.039673
v -0.004858 -0.027943 0.039673
v -0.002473 -0.028657 0.039427
v -0.004927 -0.028338 0.039427
v -0.002503 -0.029014 0.039121
v -0.004988 -0.028691 0.039121
v -0.002530 -0.029318 0.038763
v -0.005041 -0.028992 0.038763
v -0.002551 -0.029563 0.038362
v -0.005083 -0.029234 0.038362
v -0.002566 -0.029743 0.037927
v -0.005114 -0.029412 0.037927
v -0.002576 -0.029852 0.037469
v -0.009272 -0.025857 0.039963
v -0.011460 -0.024965 0.039963
v -0.009426 -0.026288 0.039853
v -0.011651 -0.025381 0.039853
v -0.009573 -0.026698 0.039673
v -0.011832 -0.025776 0.039673
v -0.009708 -0.027075 0.039427
v -0.012000 -0.026141 0.039427
v -0.009829 -0.027412 0.039121
v -0.012149 -0.026466 0.039121
v -0.009932 -0.027700 0.038763
v -0.012277 -0.026744 0.038763
v -0.010015 -0.027932 0.038362
v -0.012379 -0.026967 0.038362
v -0.010076 -0.028101 0.037927
v -0.012455 -0.027131 0.037927
v -0.010113 -0.028205 0.037469
v -0.017455 -0.021211 0.039963
v -0.019214 -0.019632 0.039963
v -0.017746 -0.021564 0.039853
v -0.019534 -0.019959 0.039853
v -0.018022 -0.021900 0.039673
v -0.019838 -0.020270 0.039673
v -0.018277 -0.022210 0.039427
v -0.020119 -0.020556 0.039427
v -0.018505 -0.022486 0.039121
v -0.020369 -0.020812 0.039121
v -0.018699 -0.022722 0.038763
v -0.020583 -0.021031 0.038763
v -0.018855 -0.022912 0.038362
v -0.020755 -0.021207 0.038362
v -0.018970 -0.023051 0.037927
v -0.020881 -0.021335 0.037927
v -0.019039 -0.023136 0.037469
v -0.022292 -0.016050 0.039963
v -0.023590 -0.014074 0.039963
v -0.022664 -0.016318 0.039853
v -0.023983 -0.014309 0.039853
v -0.023017 -0.016572 0.039673
v -0.024356 -0.014532 0.039673
v -0.023343 -0.016806 0.039427
v -0.024701 -0.014738 0.039427
v -0.023633 -0.017016 0.039121
v -0.025008 -0.014921 0.039121
v -0.023881 -0.017194 0.038763
v -0.025271 -0.015078 0.038763
v -0.024081 -0.017338 0.038362
v -0.025482 -0.015204 0.038362
v -0.024227 -0.017443 0.037927
v -0.025637 -0.015296 0.037927
v -0.024316 -0.017507 0.037469
v -0.026402 -0.007584 0.039963
v -0.026956 -0.005287 0.039963
v -0.026842 -0.007711 0.039853
v -0.027405 -0.005375 0.039853
v -0.027260 -0.007831 0.039673
v -0.027832 -0.005458 0.039673
v -0.027645 -0.007941 0.039427
v -0.028226 -0.005536 0.039427
v -0.027989 -0.008040 0.039121
v -0.028577 -0.005604 0.039121
v -0.028283 -0.008125 0.038763
v -0.028877 -0.005663 0.038763
v -0.028520 -0.008193 0.038362
v -0.029118 -0.005711 0.038362
v -0.028693 -0.008242 0.037927
v -0.029295 -0.005745 0.037927
v -0.028798 -0.008273 0.037469
v -0.027463 -0.000591 0.039963
v -0.027412 0.001772 0.039963
v -0.027921 -0.000601 0.039853
v -0.027869 0.001802 0.039853
v -0.028355 -0.000610 0.039673
v -0.028303 0.001830 0.039673
v -0.028757 -0.000619 0.039427
v -0.028703 0.001855 0.039427
v -0.029115 -0.000627 0.039121
v -0.029061 0.001879 0.039121
v -0.029420 -0.000633 0.038763
v -0.029366 0.001898 0.038763
v -0.029666 -0.000638 0.038362
v -0.029611 0.001914 0.038362
v -0.029846 -0.000642 0.037927
v -0.029791 0.001926 0.037927
v -0.029956 -0.000645 0.037469
v -0.026051 0.008713 0.039963
v -0.025205 0.010920 0.039963
v -0.026485 0.008858 0.039853
v -0.025625 0.011102 0.039853
v -0.026897 0.008996 0.039673
v -0.026024 0.011275 0.039673
v -0.027278 0.009123 0.039427
v -0.026393 0.011435 0.039427
v -0.027618 0.009237 0.039121
v -0.026721 0.011577 0.039121
v -0.027907 0.009334 0.038763
v -0.027002 0.011699 0.038763
v -0.028141 0.009412 0.038362
v -0.027227 0.011796 0.038362
v -0.028312 0.009469 0.037927
v -0.027393 0.011868 0.037927
v -0.028416 0.009504 0.037469
v -0.022962 0.015076 0.039963
v -0.021581 0.016994 0.039963
v -0.023345 0.015328 0.039853
v -0.021941 0.017278 0.039853
v -0.023708 0.015566 0.039673
v -0.022283 0.017547 0.039673
v -0.024044 0.015787 0.039427
v -0.022598 0.017795 0.039427
v -0.024343 0.015983 0.039121
v -0.022879 0.018017 0.039121
v -0.024599 0.016151 0.038763
v -0.023119 0.018206 0.038763
v -0.024804 0.016286 0.038362
v -0.023313 0.018358 0.038362
v -0.024955 0.016385 0.037927
v -0.023454 0.018469 0.037927
v -0.025047 0.016445 0.037469
v -0.016526 0.021942 0.039963
v -0.014579 0.023281 0.039963
v -0.016802 0.022308 0.039853
v -0.014822 0.023669 0.039853
v -0.017063 0.022655 0.039673
v -0.015053 0.024038 0.039673
v -0.017305 0.022976 0.039427
v -0.015266 0.024378 0.039427
v -0.017520 0.023262 0.039121
v -0.015456 0.024682 0.039121
v -0.017704 0.023506 0.038763
v -0.015618 0.024941 0.038763
v -0.017852 0.023702 0.038362
v -0.015748 0.025149 0.038362
v -0.017960 0.023846 0.037927
v -0.015844 0.025302 0.037927
v -0.018027 0.023934 0.037469
v -0.010375 0.025435 0.039963
v -0.008150 0.026232 0.039963
v -0.010548 0.025858 0.039853
v -0.008286 0.026669 0.039853
v -0.010713 0.026261 0.039673
v -0.008415 0.027085 0.039673
v -0.010864 0.026633 0.039427
v -0.008534 0.027468 0.039427
v -0.010999 0.026964 0.039121
v -0.008641 0.027810 0.039121
v -0.011115 0.027247 0.038763
v -0.008731 0.028102 0.038763
v -0.011208 0.027475 0.038362
v -0.008804 0.028337 0.038362
v -0.011276 0.027642 0.037927
v -0.008858 0.028509 0.037927
v -0.011317 0.027744 0.037469
v 0.005865 0.026836 0.039963
v 0.008150 0.026232 0.039963
v 0.005963 0.027283 0.039853
v 0.008286 0.026669 0.039853
v 0.006056 0.027708 0.039673
v 0.008415 0.027085 0.039673
v 0.006142 0.028100 0.039427
v 0.008534 0.027468 0.039427
v 0.006218 0.028450 0.039121
v 0.008641 0.027810 0.039121
v 0.006283 0.028748 0.038763
v 0.008731 0.028102 0.038763
v 0.006336 0.028989 0.038362
v 0.008804 0.028337 0.038362
v 0.006374 0.029165 0.037927
v 0.008858 0.028509 0.037927
v 0.006398 0.029272 0.037469
v 0.012523 0.024448 0.039963
v 0.014579 0.023281 0.039963
v 0.012732 0.024856 0.039853
v 0.014822 0.023669 0.039853
v 0.012930 0.025243 0.039673
v 0.015053 0.024038 0.039673
v 0.013113 0.025600 0.039427
v 0.015266 0.024378 0.039427
v 0.013277 0.025919 0.039121
v 0.015456 0.024682 0.039121
v 0.013416 0.026191 0.038763
v 0.015618 0.024941 0.038763
v 0.013528 0.026410 0.038362
v 0.015748 0.025149 0.038362
v 0.013610 0.026570 0.037927
v 0.015844 0.025302 0.037927
v 0.013660 0.026668 0.037469
v 0.020040 0.018787 0.039963
v 0.021581 0.016994 0.039963
v 0.020374 0.019100 0.039853
v 0.021941 0.017278 0.039853
v 0.020692 0.019397 0.039673
v 0.022283 0.017547 0.039673
v 0.020985 0.019672 0.039427
v 0.022598 0.017795 0.039427
v 0.021246 0.019917 0.039121
v 0.022879 0.018017 0.039121
v 0.021469 0.020126 0.038763
v 0.023119 0.018206 0.038763
v 0.021648 0.020294 0.038362
v 0.023313 0.018358 0.038362
v 0.021780 0.020417 0.037927
v 0.023454 0.018469 0.037927
v 0.021860 0.020492 0.037469
v 0.024173 0.013047 0.039963
v 0.025205 0.010920 0.039963
v 0.024576 0.013264 0.039853
v 0.025625 0.011102 0.039853
v 0.024959 0.013471 0.039673
v 0.026024 0.011275 0.039673
v 0.025312 0.013661 0.039427
v 0.026393 0.011435 0.039427
v 0.025627 0.013831 0.039121
v 0.026721 0.011577 0.039121
v 0.025896 0.013976 0.038763
v 0.027002 0.011699 0.038763
v 0.026113 0.014093 0.038362
v 0.027227 0.011796 0.038362
v 0.026271 0.014179 0.037927
v 0.027393 0.011868 0.037927
v 0.026368 0.014231 0.037469
v 0.027158 0.004122 0.039963
v 0.027412 0.001772 0.039963
v 0.027611 0.004191 0.039853
v 0.027869 0.001802 0.039853
v 0.028041 0.004256 0.039673
v 0.028303 0.001830 0.039673
v 0.028438 0.004316 0.039427
v 0.028703 0.001855 0.039427
v 0.028792 0.004370 0.039121
v 0.029061 0.001879 0.039121
v 0.029094 0.004416 0.038763
v 0.029366 0.001898 0.038763
v 0.029337 0.004453 0.038362
v 0.029611 0.001914 0.038362
v 0.029515 0.004480 0.037927
v 0.029791 0.001926 0.037927
v 0.029624 0.004496 0.037469
v 0.027310 -0.002950 0.039963
v 0.026956 -0.005287 0.039963
v 0.027766 -0.002999 0.039853
v 0.027405 -0.005375 0.039853
v 0.028198 -0.003046 0.039673
v 0.027832 -0.005458 0.039673
v 0.028597 -0.003089 0.039427
v 0.028226 -0.005536 0.039427
v 0.028953 -0.003127 0.039121
v 0.028577 -0.005604 0.039121
v 0.029257 -0.003160 0.038763
v 0.028877 -0.005663 0.038763
v 0.029501 -0.003186 0.038362
v 0.029118 -0.005711 0.038362
v 0.029681 -0.003206 0.037927
v 0.029295 -0.005745 0.037927
v 0.029790 -0.003217 0.037469
v 0.024712 -0.011995 0.039963
v 0.023590 -0.014074 0.039963
v 0.025124 -0.012194 0.039853
v 0.023983 -0.014309 0.039853
v 0.025515 -0.012384 0.039673
v 0.024356 -0.014532 0.039673
v 0.025876 -0.012560 0.039427
v 0.024701 -0.014738 0.039427
v 0.026198 -0.012716 0.039121
v 0.025008 -0.014921 0.039121
v 0.026473 -0.012849 0.038763
v 0.025271 -0.015078 0.038763
v 0.026695 -0.012957 0.038362
v 0.025482 -0.015204 0.038362
v 0.026857 -0.013035 0.037927
v 0.025637 -0.015296 0.037927
v 0.026956 -0.013083 0.037469
v 0.020830 -0.017907 0.039963
v 0.019214 -0.019632 0.039963
v 0.021177 -0.018206 0.039853
v 0.019534 -0.019959 0.039853
v 0.021507 -0.018489 0.039673
v 0.019838 -0.020270 0.039673
v 0.021811 -0.018751 0.039427
v 0.020119 -0.020556 0.039427
v 0.022083 -0.018984 0.039121
v 0.020369 -0.020812 0.039121
v 0.022315 -0.019183 0.038763
v 0.020583 -0.021031 0.038763
v 0.022501 -0.019344 0.038362
v 0.020755 -0.021207 0.038362
v 0.022638 -0.019461 0.037927
v 0.020881 -0.021335 0.037927
v 0.022721 -0.019533 0.037469
v 0.013564 -0.023887 0.039963
v 0.011460 -0.024965 0.039963
v 0.013790 -0.024285 0.039853
v 0.011651 -0.025381 0.039853
v 0.014004 -0.024663 0.039673
v 0.011832 -0.025776 0.039673
v 0.014203 -0.025012 0.039427
v 0.012000 -0.026141 0.039427
v 0.014379 -0.025324 0.039121
v 0.012149 -0.026466 0.039121
v 0.014530 -0.025589 0.038763
v 0.012277 -0.026744 0.038763
v 0.014652 -0.025803 0.038362
v 0.012379 -0.026967 0.038362
v 0.014741 -0.025960 0.037927
v 0.012455 -0.027131 0.037927
v 0.014795 -0.026056 0.037469
v 0.007014 -0.026559 0.039963
v 0.004705 -0.027063 0.039963
v 0.007131 -0.027001 0.039853
v 0.004784 -0.027514 0.039853
v 0.007242 -0.027422 0.039673
v 0.004858 -0.027943 0.039673
v 0.007345 -0.027810 0.039427
v 0.004927 -0.028338 0.039427
v 0.007436 -0.028156 0.039121
v 0.004988 -0.028691 0.039121
v 0.007514 -0.028451 0.038763
v 0.005041 -0.028992 0.038763
v 0.007577 -0.028689 0.038362
v 0.005083 -0.029234 0.038362
v 0.007623 -0.028863 0.037927
v 0.005114 -0.029412 0.037927
v 0.007651 -0.028970 0.037469
v 0.000000 -0.027469 0.039963
v 0.000000 -0.027927 0.039853
v 0.000000 -0.028362 0.039673
v 0.000000 -0.028763 0.039427
v 0.000000 -0.029121 0.039121
v 0.000000 -0.029427 0.038763
v 0.000000 -0.029673 0.038362
v 0.000000 -0.029853 0.037927
v 0.000000 -0.029963 0.037469
v -0.007651 -0.028970 0.037469
v -0.007623 -0.028863 0.037927
v -0.007577 -0.028689 0.038362
v -0.007514 -0.028451 0.038763
v -0.007436 -0.028156 0.039121
v -0.007345 -0.027810 0.039427
v -0.007242 -0.027422 0.039673
v -0.007131 -0.027001 0.039853
v -0.007014 -0.026559 0.039963
v -0.014795 -0.026056 0.037469
v -0.014741 -0.025960 0.037927
v -0.014652 -0.025803 0.038362
v -0.014530 -0.025589 0.038763
v -0.014379 -0.025324 0.039121
v -0.014203 -0.025012 0.039427
v -0.014004 -0.024663 0.039673
v -0.013790 -0.024285 0.039853
v -0.013564 -0.023887 0.039963
v -0.015567 -0.022633 0.039963
v -0.015826 -0.023010 0.039853
v -0.016073 -0.023368 0.039673
v -0.016300 -0.023699 0.039427
v -0.016503 -0.023994 0.039121
v -0.016676 -0.024246 0.038763
v -0.016816 -0.024448 0.038362
v -0.016918 -0.024597 0.037927
v -0.022721 -0.019533 0.037469
v -0.022638 -0.019461 0.037927
v -0.022501 -0.019344 0.038362
v -0.022315 -0.019183 0.038763
v -0.022083 -0.018984 0.039121
v -0.021811 -0.018751 0.039427
v -0.021507 -0.018489 0.039673
v -0.021177 -0.018206 0.039853
v -0.020830 -0.017907 0.039963
v -0.026956 -0.013083 0.037469
v -0.026857 -0.013035 0.037927
v -0.026695 -0.012957 0.038362
v -0.026473 -0.012849 0.038763
v -0.026198 -0.012716 0.039121
v -0.025876 -0.012560 0.039427
v -0.025515 -0.012384 0.039673
v -0.025124 -0.012194 0.039853
v -0.024712 -0.011995 0.039963
v -0.025652 -0.009826 0.039963
v -0.026079 -0.009989 0.039853
v -0.026485 -0.010145 0.039673
v -0.026860 -0.010289 0.039427
v -0.027195 -0.010417 0.039121
v -0.027480 -0.010526 0.038763
v -0.027710 -0.010614 0.038362
v -0.027878 -0.010678 0.037927
v -0.029790 -0.003217 0.037469
v -0.029681 -0.003206 0.037927
v -0.029501 -0.003186 0.038362
v -0.029257 -0.003160 0.038763
v -0.028953 -0.003127 0.039121
v -0.028597 -0.003089 0.039427
v -0.028198 -0.003046 0.039673
v -0.027766 -0.002999 0.039853
v -0.027310 -0.002950 0.039963
v -0.029624 0.004496 0.037469
v -0.029515 0.004480 0.037927
v -0.029337 0.004453 0.038362
v -0.029094 0.004416 0.038763
v -0.028792 0.004370 0.039121
v -0.028438 0.004316 0.039427
v -0.028041 0.004256 0.039673
v -0.027611 0.004191 0.039853
v -0.027158 0.004122 0.039963
v -0.026703 0.006441 0.039963
v -0.027148 0.006549 0.039853
v -0.027571 0.006651 0.039673
v -0.027961 0.006745 0.039427
v -0.028309 0.006829 0.039121
v -0.028607 0.006900 0.038763
v -0.028846 0.006958 0.038362
v -0.029021 0.007000 0.037927
v -0.026368 0.014231 0.037469
v -0.026271 0.014179 0.037927
v -0.026113 0.014093 0.038362
v -0.025896 0.013976 0.038763
v -0.025627 0.013831 0.039121
v -0.025312 0.013661 0.039427
v -0.024959 0.013471 0.039673
v -0.024576 0.013264 0.039853
v -0.024173 0.013047 0.039963
v -0.021860 0.020492 0.037469
v -0.021780 0.020417 0.037927
v -0.021648 0.020294 0.038362
v -0.021469 0.020126 0.038763
v -0.021246 0.019917 0.039121
v -0.020985 0.019672 0.039427
v -0.020692 0.019397 0.039673
v -0.020374 0.019100 0.039853
v -0.020040 0.018787 0.039963
v -0.018351 0.020440 0.039963
v -0.018657 0.020781 0.039853
v -0.018948 0.021104 0.039673
v -0.019216 0.021403 0.039427
v -0.019455 0.021669 0.039121
v -0.019659 0.021897 0.038763
v -0.019823 0.022080 0.038362
v -0.019944 0.022214 0.037927
v -0.013660 0.026668 0.037469
v -0.013610 0.026570 0.037927
v -0.013528 0.026410 0.038362
v -0.013416 0.026191 0.038763
v -0.013277 0.025919 0.039121
v -0.013113 0.025600 0.039427
v -0.012930 0.025243 0.039673
v -0.012732 0.024856 0.039853
v -0.012523 0.024448 0.039963
v -0.006398 0.029272 0.037469
v -0.006374 0.029165 0.037927
v -0.006336 0.028989 0.038362
v -0.006283 0.028748 0.038763
v -0.006218 0.028450 0.039121
v -0.006142 0.028100 0.039427
v -0.006056 0.027708 0.039673
v -0.005963 0.027283 0.039853
v -0.005865 0.026836 0.039963
v -0.003537 0.027241 0.039963
v -0.003596 0.027695 0.039853
v -0.003652 0.028126 0.039673
v -0.003703 0.028524 0.039427
v -0.003749 0.028879 0.039121
v -0.003789 0.029182 0.038763
v -0.003820 0.029426 0.038362
v -0.003844 0.029605 0.037927
v -0.001284 0.029826 0.037927
v -0.001277 0.029646 0.038362
v -0.001266 0.029400 0.038763
v -0.001253 0.029094 0.039121
v -0.001237 0.028737 0.039427
v -0.001220 0.028336 0.039673
v -0.001201 0.027901 0.039853
v -0.001182 0.027444 0.039963
v 0.001284 0.029826 0.037927
v 0.001277 0.029646 0.038362
v 0.001266 0.029400 0.038763
v 0.001253 0.029094 0.039121
v 0.001237 0.028737 0.039427
v 0.001220 0.028336 0.039673
v 0.001201 0.027901 0.039853
v 0.001182 0.027444 0.039963
v 0.003858 0.029714 0.037469
v 0.003844 0.029605 0.037927
v 0.003820 0.029426 0.038362
v 0.003789 0.029182 0.038763
v 0.003749 0.028879 0.039121
v 0.003703 0.028524 0.039427
v 0.003652 0.028126 0.039673
v 0.003596 0.027695 0.039853
v 0.003537 0.027241 0.039963
v 0.011317 0.027744 0.037469
v 0.011276 0.027642 0.037927
v 0.011208 0.027475 0.038362
v 0.011115 0.027247 0.038763
v 0.010999 0.026964 0.039121
v 0.010864 0.026633 0.039427
v 0.010713 0.026261 0.039673
v 0.010548 0.025858 0.039853
v 0.010375 0.025435 0.039963
v 0.017960 0.023846 0.037927
v 0.017852 0.023702 0.038362
v 0.017704 0.023506 0.038763
v 0.017520 0.023262 0.039121
v 0.017305 0.022976 0.039427
v 0.017063 0.022655 0.039673
v 0.016802 0.022308 0.039853
v 0.016526 0.021942 0.039963
v 0.020017 0.022296 0.037469
v 0.019944 0.022214 0.037927
v 0.019823 0.022080 0.038362
v 0.019659 0.021897 0.038763
v 0.019455 0.021669 0.039121
v 0.019216 0.021403 0.039427
v 0.018948 0.021104 0.039673
v 0.018657 0.020781 0.039853
v 0.018351 0.020440 0.039963
v 0.025047 0.016445 0.037469
v 0.024955 0.016385 0.037927
v 0.024804 0.016286 0.038362
v 0.024599 0.016151 0.038763
v 0.024343 0.015983 0.039121
v 0.024044 0.015787 0.039427
v 0.023708 0.015566 0.039673
v 0.023345 0.015328 0.039853
v 0.022962 0.015076 0.039963
v 0.028312 0.009469 0.037927
v 0.028141 0.009412 0.038362
v 0.027907 0.009334 0.038763
v 0.027618 0.009237 0.039121
v 0.027278 0.009123 0.039427
v 0.026897 0.008996 0.039673
v 0.026485 0.008858 0.039853
v 0.026051 0.008713 0.039963
v 0.029128 0.007026 0.037469
v 0.029021 0.007000 0.037927
v 0.028846 0.006958 0.038362
v 0.028607 0.006900 0.038763
v 0.028309 0.006829 0.039121
v 0.027961 0.006745 0.039427
v 0.027571 0.006651 0.039673
v 0.027148 0.006549 0.039853
v 0.026703 0.006441 0.039963
v 0.029956 -0.000645 0.037469
v 0.029846 -0.000642 0.037927
v 0.029666 -0.000638 0.038362
v 0.029420 -0.000633 0.038763
v 0.029115 -0.000627 0.039121
v 0.028757 -0.000619 0.039427
v 0.028355 -0.000610 0.039673
v 0.027921 -0.000601 0.039853
v 0.027463 -0.000591 0.039963
v 0.028693 -0.008242 0.037927
v 0.028520 -0.008193 0.038362
v 0.028283 -0.008125 0.038763
v 0.027989 -0.008040 0.039121
v 0.027645 -0.007941 0.039427
v 0.027260 -0.007831 0.039673
v 0.026842 -0.007711 0.039853
v 0.026402 -0.007584 0.039963
v 0.027981 -0.010718 0.037469
v 0.027878 -0.010678 0.037927
v 0.027710 -0.010614 0.038362
v 0.027480 -0.010526 0.038763
v 0.027195 -0.010417 0.039121
v 0.026860 -0.010289 0.039427
v 0.026485 -0.010145 0.039673
v 0.026079 -0.009989 0.039853
v 0.025652 -0.009826 0.039963
v 0.024316 -0.017507 0.037469
v 0.024227 -0.017443 0.037927
v 0.024081 -0.017338 0.038362
v 0.023881 -0.017194 0.038763
v 0.023633 -0.017016 0.039121
v 0.023343 -0.016806 0.039427
v 0.023017 -0.016572 0.039673
v 0.022664 -0.016318 0.039853
v 0.022292 -0.016050 0.039963
v 0.018970 -0.023051 0.037927
v 0.018855 -0.022912 0.038362
v 0.018699 -0.022722 0.038763
v 0.018505 -0.022486 0.039121
v 0.018277 -0.022210 0.039427
v 0.018022 -0.021900 0.039673
v 0.017746 -0.021564 0.039853
v 0.017455 -0.021211 0.039963
v 0.016980 -0.024687 0.037469
v 0.016918 -0.024597 0.037927
v 0.016816 -0.024448 0.038362
v 0.016676 -0.024246 0.038763
v 0.016503 -0.023994 0.039121
v 0.016300 -0.023699 0.039427
v 0.016073 -0.023368 0.039673
v 0.015826 -0.023010 0.039853
v 0.015567 -0.022633 0.039963
v 0.010113 -0.028205 0.037469
v 0.010076 -0.028101 0.037927
v 0.010015 -0.027932 0.038362
v 0.009932 -0.027700 0.038763
v 0.009829 -0.027412 0.039121
v 0.009708 -0.027075 0.039427
v 0.009573 -0.026698 0.039673
v 0.009426 -0.026288 0.039853
v 0.009272 -0.025857 0.039963
v 0.002576 -0.029852 0.037469
v 0.002566 -0.029743 0.037927
v 0.002551 -0.029563 0.038362
v 0.002530 -0.029318 0.038763
v 0.002503 -0.029014 0.039121
v 0.002473 -0.028657 0.039427
v 0.002438 -0.028257 0.039673
v 0.002401 -0.027824 0.039853
v 0.002361 -0.027368 0.039963
v 0.015000 0.015000 0.039000
v 0.015000 -0.015000 0.039000
v -0.015000 -0.015000 0.039000
v -0.015000 0.015000 0.039000
vn 0.0215 0.9998 -0.0000
vn -0.0215 0.9998 -0.0000
vn -0.0818 0.9966 -0.0000
vn -0.1246 0.9922 -0.0000
vn -0.1713 0.9852 -0.0000
vn -0.2264 0.9740 -0.0000
vn -0.2681 0.9634 -0.0000
vn -0.3258 0.9454 -0.0000
vn -0.3662 0.9305 -0.0000
vn -0.4172 0.9088 -0.0000
vn -0.4603 0.8878 -0.0000
vn -0.4981 0.8671 -0.0000
vn -0.5495 0.8355 -0.0000
vn -0.5850 0.8111 -0.0000
vn -0.6329 0.7743 -0.0000
vn -0.6656 0.7463 -0.0000
vn -0.6995 0.7147 -0.0000
vn -0.7391 0.6736 -0.0000
vn -0.7674 0.6412 -0.0000
vn -0.8047 0.5937 -0.0000
vn -0.8295 0.5585 -0.0000
vn -0.8588 0.5124 -0.0000
vn -0.8827 0.4698 -0.0000
vn -0.8828 0.4698 -0.0000
vn -0.9021 0.4314 -0.0000
vn -0.9265 0.3762 -0.0000
vn -0.9419 0.3360 -0.0000
vn -0.9604 0.2785 -0.0000
vn -0.9715 0.2369 -0.0000
vn -0.9813 0.1925 -0.0000
vn -0.9908 0.1353 -0.0000
vn -0.9957 0.0926 -0.0000
vn -0.9995 0.0323 -0.0000
vn -0.9999 -0.0108 -0.0000
vn -0.9979 -0.0645 -0.0000
vn -0.9935 -0.1140 -0.0000
vn -0.9877 -0.1566 -0.0000
vn -0.9764 -0.2159 -0.0000
vn -0.9662 -0.2578 -0.0000
vn -0.9489 -0.3156 -0.0000
vn -0.9344 -0.3562 -0.0000
vn -0.9176 -0.3975 -0.0000
vn -0.8927 -0.4507 -0.0000
vn -0.8724 -0.4887 -0.0000
vn -0.8413 -0.5405 -0.0000
vn -0.8173 -0.5762 -0.0000
vn -0.7857 -0.6187 -0.0000
vn -0.7856 -0.6187 -0.0000
vn -0.7534 -0.6575 -0.0000
vn -0.7244 -0.6893 -0.0000
vn -0.6815 -0.7318 -0.0000
vn -0.6494 -0.7605 -0.0000
vn -0.6023 -0.7983 -0.0000
vn -0.5675 -0.8234 -0.0000
vn -0.5307 -0.8475 -0.0000
vn -0.4793 -0.8776 -0.0000
vn -0.4411 -0.8975 -0.0000
vn -0.3861 -0.9224 -0.0000
vn -0.3461 -0.9382 -0.0000
vn -0.2967 -0.9550 -0.0000
vn -0.2474 -0.9689 -0.0000
vn -0.2473 -0.9689 -0.0000
vn -0.2054 -0.9787 -0.0000
vn -0.1460 -0.9893 -0.0000
vn -0.1033 -0.9947 -0.0000
vn -0.0430 -0.9991 -0.0000
vn 0.0430 -0.9991 -0.0000
vn 0.1033 -0.9947 -0.0000
vn 0.1460 -0.9893 -0.0000
vn 0.2054 -0.9787 -0.0000
vn 0.2473 -0.9689 -0.0000
vn 0.2474 -0.9689 -0.0000
vn 0.2967 -0.9550 -0.0000
vn 0.3461 -0.9382 -0.0000
vn 0.3861 -0.9224 -0.0000
vn 0.4411 -0.8975 -0.0000
vn 0.4793 -0.8776 -0.0000
vn 0.5307 -0.8475 -0.0000
vn 0.5675 -0.8234 -0.0000
vn 0.6023 -0.7983 -0.0000
vn 0.6494 -0.7605 -0.0000
vn 0.6815 -0.7318 -0.0000
vn 0.7244 -0.6893 -0.0000
vn 0.7534 -0.6575 -0.0000
vn 0.7856 -0.6187 -0.0000
vn 0.7857 -0.6187 -0.0000
vn 0.8173 -0.5762 -0.0000
vn 0.8413 -0.5405 -0.0000
vn 0.8724 -0.4887 -0.0000
vn 0.8927 -0.4507 -0.0000
vn 0.9176 -0.3975 -0.0000
vn 0.9344 -0.3562 -0.0000
vn 0.9489 -0.3156 -0.0000
vn 0.9662 -0.2578 -0.0000
vn 0.9764 -0.2159 -0.0000
vn 0.9877 -0.1566 -0.0000
vn 0.9935 -0.1140 -0.0000
vn 0.9979 -0.0645 -0.0000
vn 0.9999 -0.0108 -0.0000
vn 0.9995 0.0323 -0.0000
vn 0.9957 0.0926 -0.0000
vn 0.9908 0.1353 -0.0000
vn 0.9813 0.1925 -0.0000
vn 0.9715 0.2369 -0.0000
vn 0.9604 0.2785 -0.0000
vn 0.9419 0.3360 -0.0000
vn 0.9265 0.3762 -0.0000
vn 0.9021 0.4314 -0.0000
vn 0.8827 0.4698 -0.0000
vn 0.8827 0.4699 -0.0000
vn 0.8588 0.5124 -0.0000
vn 0.8295 0.5585 -0.0000
vn 0.8047 0.5937 -0.0000
vn 0.7674 0.6412 -0.0000
vn 0.7391 0.6736 -0.0000
vn 0.6995 0.7147 -0.0000
vn 0.6656 0.7463 -0.0000
vn 0.6329 0.7743 -0.0000
vn 0.5850 0.8111 -0.0000
vn 0.5495 0.8355 -0.0000
vn 0.4981 0.8671 -0.0000
vn 0.4603 0.8878 -0.0000
vn 0.4172 0.9088 -0.0000
vn 0.3662 0.9305 -0.0000
vn 0.3258 0.9454 -0.0000
vn 0.2681 0.9634 -0.0000
vn 0.2264 0.9740 -0.0000
vn 0.1713 0.9852 -0.0000
vn 0.1246 0.9922 -0.0000
vn 0.0818 0.9966 -0.0000
vn -0.0000 -0.0000 1.0000
vn -0.0000 -0.0000 -1.0000
vn -0.4349 -0.8848 -0.1672
vn -0.4545 -0.8873 -0.0784
vn -0.3849 -0.9196 -0.0784
vn -0.3751 -0.9195 -0.1173
vn -0.3450 -0.9353 -0.0785
vn -0.2958 -0.9520 -0.0784
vn -0.4778 -0.8749 -0.0785
vn -0.5291 -0.8449 -0.0784
vn -0.5657 -0.8209 -0.0785
vn -0.5996 -0.7960 -0.0828
vn -0.6004 -0.7958 -0.0784
vn -0.6474 -0.7581 -0.0784
vn -0.6619 -0.7373 -0.1352
vn -0.6794 -0.7296 -0.0784
vn -0.7273 -0.6818 -0.0784
vn -0.7193 -0.6845 -0.1187
vn -0.7511 -0.6555 -0.0785
vn -0.7832 -0.6168 -0.0784
vn -0.8148 -0.5744 -0.0785
vn -0.8299 -0.5449 -0.1198
vn -0.8387 -0.5389 -0.0784
vn -0.8773 -0.4735 -0.0784
vn -0.8608 -0.4822 -0.1629
vn -0.8899 -0.4494 -0.0785
vn -0.9148 -0.3963 -0.0784
vn -0.9315 -0.3551 -0.0785
vn -0.9448 -0.3160 -0.0871
vn -0.9460 -0.3147 -0.0784
vn -0.9632 -0.2570 -0.0784
vn -0.9631 -0.2323 -0.1358
vn -0.9734 -0.2153 -0.0784
vn -0.9856 -0.1496 -0.0784
vn -0.9812 -0.1556 -0.1143
vn -0.9904 -0.1136 -0.0785
vn -0.9948 -0.0643 -0.0784
vn -0.9969 -0.0107 -0.0785
vn -0.9923 0.0214 -0.1221
vn -0.9964 0.0322 -0.0784
vn -0.9912 0.1071 -0.0784
vn -0.9831 0.0914 -0.1585
vn -0.9877 0.1349 -0.0785
vn -0.9783 0.1919 -0.0784
vn -0.9685 0.2362 -0.0785
vn -0.9571 0.2749 -0.0911
vn -0.9575 0.2776 -0.0784
vn -0.9390 0.3349 -0.0784
vn -0.9251 0.3544 -0.1362
vn -0.9237 0.3750 -0.0784
vn -0.8969 0.4353 -0.0784
vn -0.8967 0.4288 -0.1098
vn -0.8800 0.4684 -0.0785
vn -0.8561 0.5108 -0.0784
vn -0.8270 0.5568 -0.0785
vn -0.8053 0.5798 -0.1242
vn -0.8022 0.5918 -0.0784
vn -0.7560 0.6499 -0.0784
vn -0.7582 0.6335 -0.1541
vn -0.7368 0.6715 -0.0784
vn -0.6973 0.7125 -0.0784
vn -0.6635 0.7440 -0.0785
vn -0.6326 0.7687 -0.0950
vn -0.6309 0.7719 -0.0784
vn -0.5832 0.8086 -0.0784
vn -0.5614 0.8162 -0.1364
vn -0.5478 0.8329 -0.0784
vn -0.4923 0.8669 -0.0784
vn -0.4953 0.8623 -0.1053
vn -0.4589 0.8850 -0.0785
vn -0.4159 0.9060 -0.0784
vn -0.3651 0.9277 -0.0784
vn -0.3348 0.9338 -0.1262
vn -0.3248 0.9425 -0.0784
vn -0.2546 0.9639 -0.0784
vn -0.2651 0.9525 -0.1497
vn -0.2257 0.9710 -0.0785
vn -0.1708 0.9822 -0.0784
vn -0.1243 0.9891 -0.0785
vn -0.0855 0.9914 -0.0987
vn -0.0816 0.9936 -0.0784
vn -0.0000 0.9969 -0.0784
vn -0.0211 0.9809 -0.1932
vn 0.0214 0.9967 -0.0784
vn 0.0816 0.9936 -0.0784
vn 0.0855 0.9914 -0.0987
vn 0.1243 0.9891 -0.0785
vn 0.1708 0.9822 -0.0784
vn 0.2257 0.9710 -0.0785
vn 0.2533 0.9589 -0.1280
vn 0.2673 0.9604 -0.0784
vn 0.3365 0.9384 -0.0784
vn 0.3224 0.9354 -0.1453
vn 0.3651 0.9277 -0.0785
vn 0.4159 0.9060 -0.0784
vn 0.4589 0.8850 -0.0785
vn 0.4912 0.8650 -0.1023
vn 0.4966 0.8645 -0.0784
vn 0.5650 0.8214 -0.0784
vn 0.5396 0.8204 -0.1889
vn 0.5832 0.8086 -0.0784
vn 0.6309 0.7719 -0.0784
vn 0.6326 0.7687 -0.0950
vn 0.6635 0.7440 -0.0785
vn 0.6973 0.7125 -0.0784
vn 0.7368 0.6715 -0.0785
vn 0.7519 0.6464 -0.1296
vn 0.7650 0.6392 -0.0784
vn 0.8090 0.5825 -0.0784
vn 0.7967 0.5877 -0.1409
vn 0.8270 0.5568 -0.0785
vn 0.8561 0.5108 -0.0784
vn 0.8800 0.4684 -0.0785
vn 0.8946 0.4342 -0.1056
vn 0.8994 0.4301 -0.0784
vn 0.9310 0.3566 -0.0784
vn 0.9106 0.3697 -0.1846
vn 0.9390 0.3349 -0.0785
vn 0.9575 0.2776 -0.0784
vn 0.9571 0.2749 -0.0911
vn 0.9685 0.2362 -0.0785
vn 0.9783 0.1919 -0.0784
vn 0.9877 0.1349 -0.0785
vn 0.9856 0.1065 -0.1311
vn 0.9926 0.0923 -0.0784
vn 0.9967 0.0214 -0.0784
vn 0.9901 0.0320 -0.1365
vn 0.9969 -0.0107 -0.0785
vn 0.9948 -0.0643 -0.0784
vn 0.9904 -0.1136 -0.0784
vn 0.9828 -0.1492 -0.1088
vn 0.9846 -0.1561 -0.0784
vn 0.9691 -0.2338 -0.0784
vn 0.9604 -0.2124 -0.1803
vn 0.9632 -0.2570 -0.0784
vn 0.9460 -0.3147 -0.0784
vn 0.9448 -0.3160 -0.0871
vn 0.9315 -0.3551 -0.0785
vn 0.9148 -0.3963 -0.0784
vn 0.8899 -0.4494 -0.0784
vn 0.8723 -0.4708 -0.1323
vn 0.8697 -0.4872 -0.0784
vn 0.8334 -0.5472 -0.0784
vn 0.8340 -0.5358 -0.1321
vn 0.8148 -0.5744 -0.0784
vn 0.7832 -0.6168 -0.0784
vn 0.7511 -0.6555 -0.0785
vn 0.7250 -0.6796 -0.1118
vn 0.7222 -0.6872 -0.0784
vn 0.6660 -0.7418 -0.0784
vn 0.6709 -0.7204 -0.1759
vn 0.6474 -0.7581 -0.0785
vn 0.6004 -0.7958 -0.0784
vn 0.5996 -0.7960 -0.0828
vn 0.5657 -0.8209 -0.0785
vn 0.5291 -0.8449 -0.0784
vn 0.4778 -0.8749 -0.0785
vn 0.4518 -0.8821 -0.1335
vn 0.4398 -0.8947 -0.0784
vn 0.3765 -0.9231 -0.0784
vn 0.3830 -0.9149 -0.1276
vn 0.3450 -0.9353 -0.0785
vn 0.2958 -0.9520 -0.0784
vn 0.2466 -0.9659 -0.0785
vn 0.2121 -0.9705 -0.1146
vn 0.2048 -0.9757 -0.0784
vn 0.1284 -0.9886 -0.0784
vn 0.1438 -0.9746 -0.1716
vn 0.1029 -0.9916 -0.0784
vn 0.0429 -0.9960 -0.0784
vn -0.0429 -0.9960 -0.0784
vn -0.1029 -0.9916 -0.0784
vn -0.1276 -0.9827 -0.1344
vn -0.1455 -0.9862 -0.0784
vn -0.2129 -0.9739 -0.0784
vn -0.2039 -0.9712 -0.1232
vn -0.2466 -0.9659 -0.0785
vn 0.0418 -0.9715 -0.2332
vn 0.1252 -0.9643 -0.2332
vn 0.1252 -0.9643 -0.2333
vn 0.2076 -0.9500 -0.2332
vn 0.2885 -0.9286 -0.2332
vn 0.3673 -0.9004 -0.2332
vn 0.4433 -0.8655 -0.2332
vn 0.5161 -0.8242 -0.2332
vn 0.5850 -0.7767 -0.2332
vn 0.5850 -0.7767 -0.2333
vn 0.6496 -0.7236 -0.2333
vn 0.6496 -0.7236 -0.2332
vn 0.7094 -0.6651 -0.2332
vn 0.7640 -0.6016 -0.2332
vn 0.8129 -0.5337 -0.2332
vn 0.8557 -0.4619 -0.2332
vn 0.8557 -0.4618 -0.2333
vn 0.8923 -0.3866 -0.2332
vn 0.9222 -0.3084 -0.2332
vn 0.9453 -0.2280 -0.2332
vn 0.9614 -0.1459 -0.2332
vn 0.9704 -0.0627 -0.2332
vn 0.9704 -0.0627 -0.2333
vn 0.9722 0.0209 -0.2332
vn 0.9722 0.0209 -0.2333
vn 0.9668 0.1044 -0.2332
vn 0.9542 0.1871 -0.2332
vn 0.9346 0.2685 -0.2332
vn 0.9081 0.3478 -0.2333
vn 0.9081 0.3478 -0.2332
vn 0.8748 0.4246 -0.2332
vn 0.8351 0.4982 -0.2332
vn 0.7892 0.5682 -0.2332
vn 0.7374 0.6339 -0.2332
vn 0.6802 0.6950 -0.2332
vn 0.6179 0.7509 -0.2332
vn 0.5511 0.8012 -0.2332
vn 0.4802 0.8456 -0.2332
vn 0.4057 0.8838 -0.2332
vn 0.3282 0.9154 -0.2332
vn 0.2483 0.9402 -0.2332
vn 0.1666 0.9580 -0.2332
vn 0.0836 0.9688 -0.2332
vn -0.0000 0.9724 -0.2332
vn -0.0836 0.9688 -0.2332
vn -0.1666 0.9580 -0.2332
vn -0.2483 0.9402 -0.2332
vn -0.3282 0.9154 -0.2332
vn -0.4057 0.8838 -0.2332
vn -0.4802 0.8456 -0.2332
vn -0.5511 0.8012 -0.2332
vn -0.6179 0.7509 -0.2332
vn -0.6802 0.6950 -0.2332
vn -0.7374 0.6339 -0.2332
vn -0.7892 0.5682 -0.2332
vn -0.8351 0.4982 -0.2332
vn -0.8748 0.4246 -0.2332
vn -0.9081 0.3478 -0.2332
vn -0.9346 0.2685 -0.2332
vn -0.9542 0.1871 -0.2332
vn -0.9668 0.1044 -0.2332
vn -0.9722 0.0209 -0.2332
vn -0.9704 -0.0627 -0.2332
vn -0.9614 -0.1459 -0.2332
vn -0.9453 -0.2280 -0.2332
vn -0.9222 -0.3084 -0.2332
vn -0.8923 -0.3866 -0.2332
vn -0.8557 -0.4619 -0.2332
vn -0.8129 -0.5337 -0.2332
vn -0.7640 -0.6016 -0.2332
vn -0.7094 -0.6651 -0.2332
vn -0.6496 -0.7236 -0.2332
vn -0.5850 -0.7767 -0.2332
vn -0.5161 -0.8242 -0.2332
vn -0.4433 -0.8655 -0.2332
vn -0.3673 -0.9004 -0.2332
vn -0.2885 -0.9286 -0.2332
vn -0.2076 -0.9500 -0.2332
vn -0.1252 -0.9643 -0.2332
vn -0.0418 -0.9715 -0.2332
vn 0.0398 -0.9232 -0.3824
vn 0.1190 -0.9163 -0.3824
vn 0.1973 -0.9027 -0.3824
vn 0.2742 -0.8824 -0.3824
vn 0.3490 -0.8556 -0.3824
vn 0.4213 -0.8224 -0.3824
vn 0.4904 -0.7831 -0.3824
vn 0.5559 -0.7381 -0.3824
vn 0.6173 -0.6876 -0.3824
vn 0.6741 -0.6319 -0.3824
vn 0.7259 -0.5717 -0.3824
vn 0.7724 -0.5071 -0.3824
vn 0.8131 -0.4389 -0.3824
vn 0.8479 -0.3673 -0.3824
vn 0.8478 -0.3673 -0.3824
vn 0.8763 -0.2931 -0.3824
vn 0.8982 -0.2167 -0.3824
vn 0.9135 -0.1386 -0.3824
vn 0.9135 -0.1387 -0.3824
vn 0.9221 -0.0596 -0.3824
vn 0.9238 0.0199 -0.3824
vn 0.9187 0.0992 -0.3824
vn 0.9067 0.1778 -0.3824
vn 0.8881 0.2551 -0.3824
vn 0.8629 0.3305 -0.3824
vn 0.8313 0.4035 -0.3824
vn 0.7935 0.4734 -0.3824
vn 0.7499 0.5399 -0.3824
vn 0.7007 0.6024 -0.3824
vn 0.6463 0.6604 -0.3824
vn 0.5871 0.7135 -0.3824
vn 0.5236 0.7613 -0.3824
vn 0.4562 0.8035 -0.3824
vn 0.4563 0.8035 -0.3824
vn 0.3855 0.8398 -0.3824
vn 0.3119 0.8698 -0.3824
vn 0.2359 0.8934 -0.3824
vn 0.1583 0.9103 -0.3824
vn 0.0794 0.9206 -0.3824
vn -0.0000 0.9240 -0.3824
vn -0.0794 0.9206 -0.3824
vn -0.1583 0.9103 -0.3824
vn -0.2359 0.8934 -0.3824
vn -0.3119 0.8698 -0.3824
vn -0.3855 0.8398 -0.3824
vn -0.4563 0.8035 -0.3824
vn -0.5236 0.7613 -0.3824
vn -0.5871 0.7135 -0.3824
vn -0.6463 0.6604 -0.3824
vn -0.7007 0.6024 -0.3824
vn -0.7499 0.5399 -0.3824
vn -0.7935 0.4734 -0.3824
vn -0.8313 0.4035 -0.3824
vn -0.8629 0.3305 -0.3824
vn -0.8881 0.2551 -0.3824
vn -0.9067 0.1778 -0.3824
vn -0.9187 0.0992 -0.3824
vn -0.9238 0.0199 -0.3824
vn -0.9221 -0.0596 -0.3824
vn -0.9135 -0.1387 -0.3824
vn -0.8982 -0.2167 -0.3824
vn -0.8763 -0.2931 -0.3824
vn -0.8479 -0.3673 -0.3824
vn -0.8131 -0.4389 -0.3824
vn -0.7724 -0.5071 -0.3824
vn -0.7259 -0.5717 -0.3824
vn -0.6741 -0.6319 -0.3824
vn -0.6173 -0.6876 -0.3824
vn -0.5559 -0.7381 -0.3824
vn -0.4904 -0.7831 -0.3824
vn -0.4213 -0.8224 -0.3824
vn -0.3490 -0.8556 -0.3824
vn -0.2742 -0.8824 -0.3824
vn -0.1973 -0.9027 -0.3824
vn -0.1190 -0.9163 -0.3824
vn -0.0398 -0.9232 -0.3824
vn 0.0367 -0.8521 -0.5222
vn 0.1098 -0.8458 -0.5222
vn 0.1098 -0.8458 -0.5221
vn 0.1821 -0.8332 -0.5221
vn 0.2531 -0.8145 -0.5221
vn 0.2531 -0.8144 -0.5222
vn 0.3221 -0.7897 -0.5222
vn 0.3221 -0.7897 -0.5221
vn 0.3888 -0.7591 -0.5221
vn 0.4526 -0.7228 -0.5221
vn 0.5131 -0.6812 -0.5221
vn 0.5131 -0.6812 -0.5222
vn 0.5698 -0.6346 -0.5221
vn 0.5698 -0.6346 -0.5222
vn 0.6222 -0.5833 -0.5221
vn 0.6222 -0.5833 -0.5222
vn 0.6700 -0.5276 -0.5222
vn 0.6700 -0.5276 -0.5221
vn 0.7129 -0.4681 -0.5221
vn 0.7129 -0.4681 -0.5222
vn 0.7505 -0.4051 -0.5222
vn 0.7826 -0.3390 -0.5221
vn 0.7826 -0.3390 -0.5222
vn 0.8088 -0.2705 -0.5222
vn 0.8291 -0.2000 -0.5222
vn 0.8291 -0.2000 -0.5221
vn 0.8432 -0.1280 -0.5221
vn 0.8511 -0.0550 -0.5221
vn 0.8511 -0.0550 -0.5222
vn 0.8527 0.0184 -0.5222
vn 0.8479 0.0916 -0.5221
vn 0.8369 0.1641 -0.5222
vn 0.8369 0.1641 -0.5221
vn 0.8197 0.2355 -0.5222
vn 0.8197 0.2355 -0.5221
vn 0.7964 0.3051 -0.5221
vn 0.7964 0.3051 -0.5222
vn 0.7673 0.3724 -0.5221
vn 0.7324 0.4370 -0.5221
vn 0.6921 0.4983 -0.5221
vn 0.6921 0.4983 -0.5222
vn 0.6467 0.5560 -0.5221
vn 0.5965 0.6095 -0.5222
vn 0.5965 0.6095 -0.5221
vn 0.5419 0.6585 -0.5222
vn 0.5419 0.6585 -0.5221
vn 0.4833 0.7027 -0.5221
vn 0.4211 0.7416 -0.5221
vn 0.3558 0.7751 -0.5221
vn 0.3558 0.7751 -0.5222
vn 0.2879 0.8028 -0.5221
vn 0.2178 0.8246 -0.5221
vn 0.1461 0.8402 -0.5221
vn 0.1461 0.8403 -0.5221
vn 0.0733 0.8497 -0.5221
vn -0.0000 0.8529 -0.5221
vn -0.0733 0.8497 -0.5221
vn -0.1461 0.8403 -0.5221
vn -0.2178 0.8246 -0.5221
vn -0.2879 0.8028 -0.5221
vn -0.3558 0.7751 -0.5221
vn -0.4211 0.7416 -0.5221
vn -0.4833 0.7027 -0.5221
vn -0.5419 0.6585 -0.5221
vn -0.5965 0.6095 -0.5221
vn -0.5965 0.6095 -0.5222
vn -0.6467 0.5560 -0.5222
vn -0.6467 0.5560 -0.5221
vn -0.6921 0.4983 -0.5222
vn -0.6921 0.4983 -0.5221
vn -0.7324 0.4370 -0.5221
vn -0.7673 0.3724 -0.5221
vn -0.7964 0.3051 -0.5221
vn -0.8197 0.2355 -0.5221
vn -0.8369 0.1641 -0.5221
vn -0.8479 0.0916 -0.5221
vn -0.8527 0.0183 -0.5221
vn -0.8527 0.0184 -0.5221
vn -0.8511 -0.0550 -0.5221
vn -0.8432 -0.1280 -0.5221
vn -0.8291 -0.2000 -0.5221
vn -0.8088 -0.2705 -0.5221
vn -0.7826 -0.3390 -0.5221
vn -0.7826 -0.3390 -0.5222
vn -0.7505 -0.4051 -0.5221
vn -0.7129 -0.4681 -0.5221
vn -0.6700 -0.5276 -0.5221
vn -0.6222 -0.5833 -0.5221
vn -0.5698 -0.6346 -0.5222
vn -0.5698 -0.6346 -0.5221
vn -0.5131 -0.6812 -0.5221
vn -0.4526 -0.7228 -0.5221
vn -0.3888 -0.7591 -0.5221
vn -0.3221 -0.7897 -0.5221
vn -0.3221 -0.7897 -0.5222
vn -0.2531 -0.8144 -0.5222
vn -0.2531 -0.8145 -0.5221
vn -0.1821 -0.8332 -0.5221
vn -0.1098 -0.8458 -0.5221
vn -0.1098 -0.8458 -0.5222
vn -0.0367 -0.8521 -0.5222
vn -0.0367 -0.8521 -0.5221
vn 0.0367 -0.8521 -0.5221
vn 0.0327 -0.7600 -0.6491
vn 0.0979 -0.7544 -0.6491
vn 0.1624 -0.7432 -0.6491
vn 0.2257 -0.7264 -0.6491
vn 0.2873 -0.7044 -0.6491
vn 0.3468 -0.6770 -0.6491
vn 0.3468 -0.6771 -0.6491
vn 0.4037 -0.6447 -0.6491
vn 0.4577 -0.6076 -0.6491
vn 0.5082 -0.5660 -0.6491
vn 0.5550 -0.5203 -0.6491
vn 0.5977 -0.4706 -0.6491
vn 0.5976 -0.4706 -0.6491
vn 0.6359 -0.4175 -0.6491
vn 0.6694 -0.3613 -0.6491
vn 0.6980 -0.3024 -0.6491
vn 0.7214 -0.2413 -0.6491
vn 0.7395 -0.1784 -0.6491
vn 0.7521 -0.1141 -0.6491
vn 0.7591 -0.0491 -0.6491
vn 0.7605 0.0164 -0.6491
vn 0.7563 0.0817 -0.6491
vn 0.7465 0.1464 -0.6491
vn 0.7311 0.2100 -0.6491
vn 0.7104 0.2721 -0.6491
vn 0.6844 0.3322 -0.6491
vn 0.6843 0.3322 -0.6491
vn 0.6533 0.3898 -0.6491
vn 0.6173 0.4445 -0.6491
vn 0.5768 0.4959 -0.6491
vn 0.5321 0.5437 -0.6491
vn 0.4834 0.5874 -0.6491
vn 0.4311 0.6268 -0.6491
vn 0.3756 0.6615 -0.6491
vn 0.3174 0.6913 -0.6491
vn 0.2568 0.7161 -0.6491
vn 0.1942 0.7355 -0.6491
vn 0.1303 0.7495 -0.6491
vn 0.0654 0.7579 -0.6491
vn -0.0000 0.7607 -0.6491
vn -0.0654 0.7579 -0.6491
vn -0.1303 0.7495 -0.6491
vn -0.1942 0.7355 -0.6491
vn -0.2568 0.7161 -0.6491
vn -0.3174 0.6913 -0.6491
vn -0.3756 0.6615 -0.6491
vn -0.4311 0.6268 -0.6491
vn -0.4834 0.5874 -0.6491
vn -0.5321 0.5437 -0.6491
vn -0.5768 0.4959 -0.6491
vn -0.6173 0.4445 -0.6491
vn -0.6533 0.3898 -0.6491
vn -0.6844 0.3322 -0.6491
vn -0.7104 0.2721 -0.6491
vn -0.7311 0.2100 -0.6491
vn -0.7465 0.1464 -0.6491
vn -0.7563 0.0817 -0.6491
vn -0.7605 0.0164 -0.6491
vn -0.7591 -0.0491 -0.6491
vn -0.7521 -0.1141 -0.6491
vn -0.7395 -0.1784 -0.6491
vn -0.7214 -0.2413 -0.6491
vn -0.6980 -0.3024 -0.6491
vn -0.6694 -0.3613 -0.6491
vn -0.6359 -0.4175 -0.6491
vn -0.5976 -0.4706 -0.6491
vn -0.5550 -0.5203 -0.6491
vn -0.5082 -0.5660 -0.6491
vn -0.4577 -0.6076 -0.6491
vn -0.4037 -0.6447 -0.6491
vn -0.3468 -0.6770 -0.6491
vn -0.2873 -0.7044 -0.6491
vn -0.2257 -0.7264 -0.6491
vn -0.1624 -0.7432 -0.6491
vn -0.0979 -0.7544 -0.6491
vn -0.0327 -0.7600 -0.6491
vn 0.0280 -0.6492 -0.7601
vn 0.0837 -0.6444 -0.7601
vn 0.1387 -0.6348 -0.7601
vn 0.1928 -0.6205 -0.7601
vn 0.2454 -0.6017 -0.7601
vn 0.2962 -0.5783 -0.7601
vn 0.3449 -0.5507 -0.7601
vn 0.3909 -0.5190 -0.7601
vn 0.4341 -0.4835 -0.7601
vn 0.4741 -0.4444 -0.7601
vn 0.5105 -0.4020 -0.7601
vn 0.5432 -0.3566 -0.7601
vn 0.5718 -0.3086 -0.7601
vn 0.5963 -0.2583 -0.7601
vn 0.5962 -0.2583 -0.7601
vn 0.6163 -0.2061 -0.7601
vn 0.6162 -0.2061 -0.7601
vn 0.6317 -0.1524 -0.7601
vn 0.6424 -0.0975 -0.7601
vn 0.6484 -0.0419 -0.7601
vn 0.6496 0.0140 -0.7601
vn 0.6460 0.0698 -0.7601
vn 0.6376 0.1251 -0.7601
vn 0.6245 0.1794 -0.7601
vn 0.6068 0.2324 -0.7601
vn 0.5846 0.2837 -0.7601
vn 0.5580 0.3329 -0.7601
vn 0.5273 0.3797 -0.7601
vn 0.4927 0.4236 -0.7601
vn 0.4545 0.4644 -0.7601
vn 0.4129 0.5017 -0.7601
vn 0.3682 0.5354 -0.7601
vn 0.3209 0.5651 -0.7601
vn 0.2711 0.5905 -0.7601
vn 0.2193 0.6117 -0.7601
vn 0.1659 0.6283 -0.7601
vn 0.1113 0.6402 -0.7601
vn 0.0559 0.6474 -0.7601
vn -0.0000 0.6498 -0.7601
vn -0.0559 0.6474 -0.7601
vn -0.1113 0.6402 -0.7601
vn -0.1659 0.6283 -0.7601
vn -0.2193 0.6117 -0.7601
vn -0.2711 0.5905 -0.7601
vn -0.3209 0.5651 -0.7601
vn -0.3682 0.5354 -0.7601
vn -0.4129 0.5017 -0.7601
vn -0.4545 0.4644 -0.7601
vn -0.4927 0.4236 -0.7601
vn -0.5273 0.3797 -0.7601
vn -0.5580 0.3329 -0.7601
vn -0.5846 0.2837 -0.7601
vn -0.6068 0.2324 -0.7601
vn -0.6245 0.1794 -0.7601
vn -0.6376 0.1251 -0.7601
vn -0.6460 0.0698 -0.7601
vn -0.6496 0.0140 -0.7601
vn -0.6484 -0.0419 -0.7601
vn -0.6424 -0.0975 -0.7601
vn -0.6317 -0.1524 -0.7601
vn -0.6162 -0.2061 -0.7601
vn -0.5962 -0.2583 -0.7601
vn -0.5718 -0.3086 -0.7601
vn -0.5432 -0.3566 -0.7601
vn -0.5105 -0.4020 -0.7601
vn -0.4741 -0.4444 -0.7601
vn -0.4341 -0.4835 -0.7601
vn -0.3909 -0.5190 -0.7601
vn -0.3449 -0.5507 -0.7601
vn -0.2962 -0.5783 -0.7601
vn -0.2454 -0.6017 -0.7601
vn -0.1928 -0.6205 -0.7601
vn -0.1387 -0.6348 -0.7601
vn -0.0837 -0.6444 -0.7601
vn -0.0280 -0.6492 -0.7601
vn 0.0225 -0.5224 -0.8524
vn 0.0673 -0.5185 -0.8524
vn 0.1116 -0.5108 -0.8524
vn 0.1551 -0.4993 -0.8524
vn 0.1975 -0.4841 -0.8524
vn 0.2384 -0.4653 -0.8524
vn 0.2384 -0.4654 -0.8524
vn 0.2775 -0.4431 -0.8524
vn 0.3146 -0.4176 -0.8524
vn 0.3493 -0.3891 -0.8524
vn 0.3814 -0.3576 -0.8524
vn 0.4108 -0.3235 -0.8524
vn 0.4371 -0.2870 -0.8524
vn 0.4601 -0.2483 -0.8524
vn 0.4798 -0.2079 -0.8524
vn 0.4959 -0.1658 -0.8524
vn 0.4958 -0.1658 -0.8524
vn 0.5083 -0.1226 -0.8524
vn 0.5169 -0.0785 -0.8524
vn 0.5218 -0.0337 -0.8524
vn 0.5227 0.0112 -0.8524
vn 0.5198 0.0561 -0.8524
vn 0.5131 0.1006 -0.8524
vn 0.5025 0.1444 -0.8524
vn 0.4883 0.1870 -0.8524
vn 0.4704 0.2283 -0.8524
vn 0.4490 0.2679 -0.8524
vn 0.4243 0.3055 -0.8524
vn 0.3965 0.3408 -0.8524
vn 0.3657 0.3737 -0.8524
vn 0.3322 0.4037 -0.8524
vn 0.2963 0.4308 -0.8524
vn 0.2582 0.4547 -0.8524
vn 0.2181 0.4752 -0.8524
vn 0.1765 0.4922 -0.8524
vn 0.1335 0.5055 -0.8524
vn 0.0896 0.5151 -0.8524
vn 0.0449 0.5209 -0.8524
vn -0.0000 0.5229 -0.8524
vn -0.0449 0.5209 -0.8524
vn -0.0896 0.5151 -0.8524
vn -0.1335 0.5055 -0.8524
vn -0.1765 0.4922 -0.8524
vn -0.2181 0.4752 -0.8524
vn -0.2582 0.4547 -0.8524
vn -0.2963 0.4308 -0.8524
vn -0.3322 0.4037 -0.8524
vn -0.3657 0.3737 -0.8524
vn -0.3965 0.3408 -0.8524
vn -0.4243 0.3055 -0.8524
vn -0.4490 0.2679 -0.8524
vn -0.4704 0.2283 -0.8524
vn -0.4883 0.1870 -0.8524
vn -0.5025 0.1444 -0.8524
vn -0.5131 0.1006 -0.8524
vn -0.5198 0.0561 -0.8524
vn -0.5227 0.0112 -0.8524
vn -0.5218 -0.0337 -0.8524
vn -0.5169 -0.0785 -0.8524
vn -0.5083 -0.1226 -0.8524
vn -0.4959 -0.1658 -0.8524
vn -0.4798 -0.2079 -0.8524
vn -0.4601 -0.2483 -0.8524
vn -0.4371 -0.2870 -0.8524
vn -0.4108 -0.3235 -0.8524
vn -0.3814 -0.3576 -0.8524
vn -0.3493 -0.3891 -0.8524
vn -0.3146 -0.4176 -0.8524
vn -0.2775 -0.4431 -0.8524
vn -0.2384 -0.4654 -0.8524
vn -0.1975 -0.4841 -0.8524
vn -0.1551 -0.4993 -0.8524
vn -0.1116 -0.5108 -0.8524
vn -0.0673 -0.5185 -0.8524
vn -0.0225 -0.5224 -0.8524
vn 0.0165 -0.3826 -0.9238
vn 0.0493 -0.3798 -0.9238
vn 0.0818 -0.3742 -0.9238
vn 0.1136 -0.3657 -0.9238
vn 0.1447 -0.3546 -0.9238
vn 0.1746 -0.3409 -0.9238
vn 0.2033 -0.3246 -0.9238
vn 0.2304 -0.3059 -0.9238
vn 0.2559 -0.2850 -0.9237
vn 0.2559 -0.2850 -0.9238
vn 0.2794 -0.2619 -0.9238
vn 0.3009 -0.2369 -0.9238
vn 0.3202 -0.2102 -0.9238
vn 0.3201 -0.2102 -0.9238
vn 0.3370 -0.1819 -0.9238
vn 0.3514 -0.1523 -0.9238
vn 0.3632 -0.1215 -0.9238
vn 0.3723 -0.0898 -0.9238
vn 0.3786 -0.0575 -0.9238
vn 0.3787 -0.0575 -0.9238
vn 0.3822 -0.0247 -0.9238
vn 0.3829 0.0082 -0.9238
vn 0.3808 0.0411 -0.9237
vn 0.3808 0.0411 -0.9238
vn 0.3758 0.0737 -0.9238
vn 0.3681 0.1057 -0.9238
vn 0.3576 0.1370 -0.9238
vn 0.3577 0.1370 -0.9238
vn 0.3445 0.1672 -0.9238
vn 0.3289 0.1962 -0.9238
vn 0.3108 0.2238 -0.9238
vn 0.2904 0.2497 -0.9238
vn 0.2679 0.2737 -0.9238
vn 0.2434 0.2957 -0.9238
vn 0.2170 0.3156 -0.9238
vn 0.2170 0.3155 -0.9238
vn 0.1891 0.3330 -0.9238
vn 0.1598 0.3481 -0.9238
vn 0.1293 0.3605 -0.9238
vn 0.0978 0.3703 -0.9238
vn 0.0656 0.3773 -0.9238
vn 0.0329 0.3816 -0.9238
vn -0.0000 0.3830 -0.9238
vn -0.0329 0.3816 -0.9238
vn -0.0656 0.3773 -0.9238
vn -0.0978 0.3703 -0.9238
vn -0.1293 0.3605 -0.9238
vn -0.1598 0.3481 -0.9238
vn -0.1891 0.3330 -0.9238
vn -0.2170 0.3156 -0.9238
vn -0.2434 0.2957 -0.9238
vn -0.2679 0.2737 -0.9238
vn -0.2904 0.2497 -0.9238
vn -0.3108 0.2238 -0.9238
vn -0.3289 0.1962 -0.9238
vn -0.3445 0.1672 -0.9238
vn -0.3576 0.1370 -0.9238
vn -0.3681 0.1057 -0.9238
vn -0.3758 0.0737 -0.9238
vn -0.3808 0.0411 -0.9238
vn -0.3829 0.0082 -0.9238
vn -0.3822 -0.0247 -0.9238
vn -0.3787 -0.0575 -0.9238
vn -0.3786 -0.0575 -0.9238
vn -0.3723 -0.0898 -0.9238
vn -0.3632 -0.1215 -0.9238
vn -0.3514 -0.1523 -0.9238
vn -0.3370 -0.1819 -0.9238
vn -0.3201 -0.2102 -0.9238
vn -0.3202 -0.2102 -0.9238
vn -0.3009 -0.2369 -0.9238
vn -0.2794 -0.2619 -0.9238
vn -0.2559 -0.2850 -0.9238
vn -0.2304 -0.3059 -0.9238
vn -0.2033 -0.3246 -0.9238
vn -0.1746 -0.3409 -0.9238
vn -0.1447 -0.3546 -0.9238
vn -0.1136 -0.3657 -0.9238
vn -0.0818 -0.3742 -0.9238
vn -0.0493 -0.3798 -0.9238
vn -0.0165 -0.3826 -0.9238
vn 0.0101 -0.2334 -0.9723
vn 0.0301 -0.2317 -0.9723
vn 0.0499 -0.2283 -0.9723
vn 0.0693 -0.2231 -0.9723
vn 0.0883 -0.2163 -0.9723
vn 0.1065 -0.2080 -0.9723
vn 0.1240 -0.1980 -0.9723
vn 0.1406 -0.1866 -0.9723
vn 0.1561 -0.1739 -0.9723
vn 0.1705 -0.1598 -0.9723
vn 0.1836 -0.1446 -0.9723
vn 0.1953 -0.1282 -0.9723
vn 0.2056 -0.1110 -0.9723
vn 0.2144 -0.0929 -0.9723
vn 0.2216 -0.0741 -0.9723
vn 0.2271 -0.0548 -0.9723
vn 0.2310 -0.0351 -0.9723
vn 0.2332 -0.0151 -0.9723
vn 0.2336 0.0050 -0.9723
vn 0.2323 0.0251 -0.9723
vn 0.2293 0.0450 -0.9723
vn 0.2246 0.0645 -0.9723
vn 0.2182 0.0836 -0.9723
vn 0.2102 0.1020 -0.9723
vn 0.2007 0.1197 -0.9723
vn 0.1896 0.1365 -0.9723
vn 0.1772 0.1523 -0.9723
vn 0.1634 0.1670 -0.9723
vn 0.1485 0.1804 -0.9723
vn 0.1324 0.1925 -0.9723
vn 0.1154 0.2032 -0.9723
vn 0.0975 0.2123 -0.9723
vn 0.0789 0.2199 -0.9723
vn 0.0597 0.2259 -0.9723
vn 0.0400 0.2302 -0.9723
vn 0.0201 0.2328 -0.9723
vn -0.0000 0.2337 -0.9723
vn -0.0201 0.2328 -0.9723
vn -0.0400 0.2302 -0.9723
vn -0.0597 0.2259 -0.9723
vn -0.0789 0.2199 -0.9723
vn -0.0975 0.2123 -0.9723
vn -0.1154 0.2032 -0.9723
vn -0.1324 0.1925 -0.9723
vn -0.1485 0.1804 -0.9723
vn -0.1634 0.1670 -0.9723
vn -0.1772 0.1523 -0.9723
vn -0.1896 0.1365 -0.9723
vn -0.2006 0.1197 -0.9723
vn -0.2007 0.1197 -0.9723
vn -0.2102 0.1020 -0.9723
vn -0.2182 0.0836 -0.9723
vn -0.2246 0.0645 -0.9723
vn -0.2293 0.0450 -0.9723
vn -0.2323 0.0251 -0.9723
vn -0.2336 0.0050 -0.9723
vn -0.2332 -0.0151 -0.9723
vn -0.2310 -0.0351 -0.9723
vn -0.2271 -0.0548 -0.9723
vn -0.2216 -0.0741 -0.9723
vn -0.2144 -0.0929 -0.9723
vn -0.2056 -0.1110 -0.9723
vn -0.1953 -0.1282 -0.9723
vn -0.1836 -0.1446 -0.9723
vn -0.1705 -0.1598 -0.9723
vn -0.1561 -0.1739 -0.9723
vn -0.1406 -0.1866 -0.9723
vn -0.1240 -0.1980 -0.9723
vn -0.1065 -0.2080 -0.9723
vn -0.0883 -0.2163 -0.9723
vn -0.0693 -0.2231 -0.9723
vn -0.0499 -0.2283 -0.9723
vn -0.0301 -0.2317 -0.9723
vn -0.0101 -0.2334 -0.9723
vn 0.0034 -0.0785 -0.9969
vn 0.0101 -0.0779 -0.9969
vn 0.0168 -0.0767 -0.9969
vn 0.0233 -0.0750 -0.9969
vn 0.0297 -0.0727 -0.9969
vn 0.0358 -0.0699 -0.9969
vn 0.0417 -0.0666 -0.9969
vn 0.0472 -0.0627 -0.9969
vn 0.0525 -0.0584 -0.9969
vn 0.0573 -0.0537 -0.9969
vn 0.0617 -0.0486 -0.9969
vn 0.0656 -0.0431 -0.9969
vn 0.0691 -0.0373 -0.9969
vn 0.0721 -0.0312 -0.9969
vn 0.0745 -0.0249 -0.9969
vn 0.0763 -0.0184 -0.9969
vn 0.0776 -0.0118 -0.9969
vn 0.0784 -0.0051 -0.9969
vn 0.0785 0.0017 -0.9969
vn 0.0781 0.0084 -0.9969
vn 0.0771 0.0151 -0.9969
vn 0.0755 0.0217 -0.9969
vn 0.0733 0.0281 -0.9969
vn 0.0707 0.0343 -0.9969
vn 0.0706 0.0343 -0.9969
vn 0.0674 0.0402 -0.9969
vn 0.0637 0.0459 -0.9969
vn 0.0596 0.0512 -0.9969
vn 0.0549 0.0561 -0.9969
vn 0.0499 0.0606 -0.9969
vn 0.0445 0.0647 -0.9969
vn 0.0388 0.0683 -0.9969
vn 0.0328 0.0714 -0.9969
vn 0.0265 0.0739 -0.9969
vn 0.0201 0.0759 -0.9969
vn 0.0135 0.0774 -0.9969
vn 0.0068 0.0782 -0.9969
vn -0.0000 0.0785 -0.9969
vn -0.0068 0.0782 -0.9969
vn -0.0135 0.0774 -0.9969
vn -0.0201 0.0759 -0.9969
vn -0.0265 0.0739 -0.9969
vn -0.0328 0.0714 -0.9969
vn -0.0388 0.0683 -0.9969
vn -0.0445 0.0647 -0.9969
vn -0.0499 0.0606 -0.9969
vn -0.0549 0.0561 -0.9969
vn -0.0596 0.0512 -0.9969
vn -0.0637 0.0459 -0.9969
vn -0.0674 0.0402 -0.9969
vn -0.0706 0.0343 -0.9969
vn -0.0733 0.0281 -0.9969
vn -0.0755 0.0217 -0.9969
vn -0.0771 0.0151 -0.9969
vn -0.0781 0.0084 -0.9969
vn -0.0785 0.0017 -0.9969
vn -0.0784 -0.0051 -0.9969
vn -0.0776 -0.0118 -0.9969
vn -0.0763 -0.0184 -0.9969
vn -0.0745 -0.0249 -0.9969
vn -0.0721 -0.0312 -0.9969
vn -0.0691 -0.0373 -0.9969
vn -0.0656 -0.0431 -0.9969
vn -0.0617 -0.0486 -0.9969
vn -0.0573 -0.0537 -0.9969
vn -0.0525 -0.0584 -0.9969
vn -0.0472 -0.0627 -0.9969
vn -0.0417 -0.0666 -0.9969
vn -0.0358 -0.0699 -0.9969
vn -0.0297 -0.0727 -0.9969
vn -0.0233 -0.0750 -0.9969
vn -0.0168 -0.0767 -0.9969
vn -0.0101 -0.0779 -0.9969
vn -0.0034 -0.0785 -0.9969
vn 0.1455 -0.9862 0.0784
vn 0.3849 -0.9196 0.0784
vn 0.6004 -0.7958 0.0784
vn 0.6794 -0.7296 0.0784
vn 0.8387 -0.5388 0.0784
vn 0.9460 -0.3146 0.0784
vn 0.9734 -0.2153 0.0784
vn 0.9964 0.0322 0.0784
vn 0.9575 0.2776 0.0784
vn 0.9237 0.3750 0.0784
vn 0.8022 0.5918 0.0784
vn 0.6309 0.7719 0.0784
vn 0.5478 0.8329 0.0784
vn 0.3248 0.9425 0.0784
vn 0.0816 0.9936 0.0784
vn -0.0214 0.9967 0.0784
vn -0.1243 0.9891 0.0785
vn -0.2673 0.9604 0.0784
vn -0.4966 0.8645 0.0784
vn -0.6636 0.7440 0.0785
vn -0.7650 0.6392 0.0784
vn -0.8994 0.4301 0.0784
vn -0.9685 0.2362 0.0785
vn -0.9926 0.0923 0.0784
vn -0.9846 -0.1561 0.0784
vn -0.9315 -0.3551 0.0785
vn -0.8698 -0.4872 0.0784
vn -0.7222 -0.6872 0.0784
vn -0.5657 -0.8209 0.0785
vn -0.4398 -0.8947 0.0784
vn -0.2048 -0.9757 0.0784
vn -0.0101 -0.0779 0.9969
vn -0.0301 -0.2317 0.9723
vn -0.0493 -0.3798 0.9237
vn -0.0493 -0.3798 0.9238
vn -0.0673 -0.5185 0.8524
vn -0.0837 -0.6444 0.7601
vn -0.0979 -0.7544 0.6491
vn -0.1098 -0.8457 0.5222
vn -0.1098 -0.8458 0.5221
vn -0.1190 -0.9163 0.3824
vn -0.1252 -0.9643 0.2332
vn -0.0297 -0.0727 0.9969
vn -0.0883 -0.2163 0.9723
vn -0.1447 -0.3546 0.9238
vn -0.1975 -0.4841 0.8524
vn -0.2454 -0.6017 0.7601
vn -0.2873 -0.7044 0.6491
vn -0.2873 -0.7043 0.6491
vn -0.3221 -0.7897 0.5222
vn -0.3221 -0.7897 0.5221
vn -0.3490 -0.8556 0.3824
vn -0.3673 -0.9004 0.2332
vn -0.0525 -0.0584 0.9969
vn -0.1561 -0.1738 0.9723
vn -0.1561 -0.1739 0.9723
vn -0.2559 -0.2850 0.9237
vn -0.2559 -0.2850 0.9238
vn -0.3493 -0.3891 0.8524
vn -0.4341 -0.4835 0.7601
vn -0.5082 -0.5660 0.6491
vn -0.5698 -0.6346 0.5221
vn -0.6173 -0.6875 0.3824
vn -0.6173 -0.6876 0.3824
vn -0.6496 -0.7236 0.2332
vn -0.0656 -0.0431 0.9969
vn -0.1953 -0.1282 0.9723
vn -0.3202 -0.2102 0.9238
vn -0.3202 -0.2102 0.9237
vn -0.4371 -0.2870 0.8524
vn -0.5432 -0.3566 0.7601
vn -0.6359 -0.4175 0.6491
vn -0.7129 -0.4681 0.5221
vn -0.7724 -0.5071 0.3824
vn -0.8129 -0.5337 0.2332
vn -0.0763 -0.0184 0.9969
vn -0.2271 -0.0548 0.9723
vn -0.3723 -0.0898 0.9238
vn -0.3723 -0.0898 0.9237
vn -0.5083 -0.1226 0.8524
vn -0.6317 -0.1524 0.7601
vn -0.7395 -0.1784 0.6491
vn -0.8291 -0.2000 0.5221
vn -0.8982 -0.2167 0.3824
vn -0.9453 -0.2280 0.2332
vn -0.0785 0.0017 0.9969
vn -0.2336 0.0050 0.9723
vn -0.3829 0.0082 0.9238
vn -0.5227 0.0112 0.8524
vn -0.6496 0.0140 0.7601
vn -0.7605 0.0164 0.6491
vn -0.8527 0.0184 0.5221
vn -0.8527 0.0183 0.5221
vn -0.9238 0.0199 0.3824
vn -0.9722 0.0209 0.2332
vn -0.0733 0.0281 0.9969
vn -0.2182 0.0836 0.9723
vn -0.3577 0.1370 0.9238
vn -0.3577 0.1370 0.9237
vn -0.4883 0.1870 0.8524
vn -0.6068 0.2324 0.7601
vn -0.7104 0.2721 0.6491
vn -0.7964 0.3051 0.5221
vn -0.8629 0.3305 0.3824
vn -0.9081 0.3478 0.2332
vn -0.0637 0.0459 0.9969
vn -0.1896 0.1365 0.9723
vn -0.3108 0.2238 0.9238
vn -0.4243 0.3055 0.8524
vn -0.5273 0.3797 0.7601
vn -0.6173 0.4445 0.6491
vn -0.6921 0.4983 0.5221
vn -0.7499 0.5399 0.3824
vn -0.7892 0.5682 0.2332
vn -0.0445 0.0647 0.9969
vn -0.1324 0.1925 0.9723
vn -0.2170 0.3156 0.9237
vn -0.2170 0.3156 0.9238
vn -0.2963 0.4308 0.8524
vn -0.3682 0.5354 0.7601
vn -0.4311 0.6268 0.6491
vn -0.4311 0.6267 0.6491
vn -0.4833 0.7027 0.5221
vn -0.5236 0.7613 0.3824
vn -0.5511 0.8012 0.2332
vn -0.0265 0.0739 0.9969
vn -0.0789 0.2199 0.9723
vn -0.1293 0.3605 0.9237
vn -0.1765 0.4922 0.8524
vn -0.2193 0.6116 0.7601
vn -0.2193 0.6117 0.7601
vn -0.2567 0.7161 0.6491
vn -0.2568 0.7161 0.6491
vn -0.2879 0.8028 0.5222
vn -0.2879 0.8028 0.5221
vn -0.3119 0.8698 0.3824
vn -0.3282 0.9154 0.2332
vn 0.0201 0.0759 0.9969
vn 0.0597 0.2259 0.9723
vn 0.0978 0.3703 0.9238
vn 0.1335 0.5055 0.8524
vn 0.1659 0.6282 0.7601
vn 0.1942 0.7355 0.6491
vn 0.2178 0.8246 0.5222
vn 0.2178 0.8246 0.5221
vn 0.2360 0.8934 0.3824
vn 0.2359 0.8934 0.3824
vn 0.2483 0.9402 0.2332
vn 0.0388 0.0683 0.9969
vn 0.1154 0.2032 0.9723
vn 0.1891 0.3330 0.9238
vn 0.2582 0.4547 0.8524
vn 0.3209 0.5650 0.7601
vn 0.3208 0.5650 0.7601
vn 0.3756 0.6615 0.6491
vn 0.4211 0.7416 0.5222
vn 0.4211 0.7416 0.5221
vn 0.4562 0.8035 0.3824
vn 0.4802 0.8456 0.2332
vn 0.0595 0.0512 0.9969
vn 0.1772 0.1523 0.9723
vn 0.2904 0.2497 0.9237
vn 0.2904 0.2497 0.9238
vn 0.3965 0.3409 0.8524
vn 0.4927 0.4236 0.7601
vn 0.5768 0.4959 0.6491
vn 0.6467 0.5560 0.5221
vn 0.6467 0.5560 0.5222
vn 0.7007 0.6024 0.3824
vn 0.7374 0.6339 0.2332
vn 0.0706 0.0343 0.9969
vn 0.2102 0.1020 0.9723
vn 0.3446 0.1672 0.9237
vn 0.4704 0.2283 0.8524
vn 0.5846 0.2837 0.7601
vn 0.6843 0.3322 0.6491
vn 0.6844 0.3321 0.6491
vn 0.7673 0.3724 0.5221
vn 0.8313 0.4035 0.3824
vn 0.8748 0.4246 0.2332
vn 0.0781 0.0084 0.9969
vn 0.2323 0.0251 0.9723
vn 0.3808 0.0411 0.9237
vn 0.3808 0.0411 0.9238
vn 0.5198 0.0561 0.8524
vn 0.6460 0.0698 0.7601
vn 0.7563 0.0817 0.6491
vn 0.8479 0.0916 0.5221
vn 0.9187 0.0992 0.3824
vn 0.9668 0.1044 0.2333
vn 0.9668 0.1044 0.2332
vn 0.0776 -0.0118 0.9969
vn 0.2310 -0.0351 0.9723
vn 0.3787 -0.0575 0.9238
vn 0.3787 -0.0575 0.9237
vn 0.5169 -0.0785 0.8524
vn 0.6424 -0.0975 0.7601
vn 0.7521 -0.1142 0.6491
vn 0.7521 -0.1141 0.6491
vn 0.8432 -0.1280 0.5221
vn 0.9135 -0.1387 0.3824
vn 0.9135 -0.1386 0.3824
vn 0.9614 -0.1459 0.2333
vn 0.9614 -0.1459 0.2332
vn 0.0691 -0.0373 0.9969
vn 0.2056 -0.1110 0.9723
vn 0.3370 -0.1819 0.9238
vn 0.3370 -0.1819 0.9237
vn 0.4601 -0.2483 0.8524
vn 0.5718 -0.3086 0.7601
vn 0.6694 -0.3613 0.6491
vn 0.7505 -0.4051 0.5221
vn 0.7505 -0.4051 0.5222
vn 0.8131 -0.4389 0.3824
vn 0.8557 -0.4618 0.2332
vn 0.8557 -0.4619 0.2332
vn 0.0573 -0.0537 0.9969
vn 0.1705 -0.1598 0.9723
vn 0.2794 -0.2619 0.9238
vn 0.2794 -0.2619 0.9237
vn 0.3815 -0.3576 0.8524
vn 0.4741 -0.4444 0.7601
vn 0.4740 -0.4444 0.7601
vn 0.5550 -0.5203 0.6491
vn 0.6222 -0.5833 0.5221
vn 0.6222 -0.5833 0.5222
vn 0.6741 -0.6319 0.3824
vn 0.7094 -0.6651 0.2332
vn 0.0358 -0.0699 0.9969
vn 0.1065 -0.2080 0.9723
vn 0.1746 -0.3409 0.9238
vn 0.2384 -0.4654 0.8524
vn 0.2384 -0.4653 0.8524
vn 0.2962 -0.5783 0.7601
vn 0.3468 -0.6771 0.6491
vn 0.3468 -0.6770 0.6491
vn 0.3888 -0.7590 0.5222
vn 0.3888 -0.7591 0.5221
vn 0.4213 -0.8224 0.3824
vn 0.4433 -0.8655 0.2332
vn 0.0168 -0.0767 0.9969
vn 0.0499 -0.2283 0.9723
vn 0.0818 -0.3742 0.9237
vn 0.0818 -0.3742 0.9238
vn 0.1116 -0.5108 0.8524
vn 0.1387 -0.6348 0.7601
vn 0.1624 -0.7432 0.6491
vn 0.1821 -0.8332 0.5222
vn 0.1821 -0.8332 0.5221
vn 0.1973 -0.9027 0.3824
vn 0.2076 -0.9500 0.2332
vn -0.0034 -0.0785 0.9969
vn -0.0034 -0.0784 0.9969
vn -0.0101 -0.2334 0.9723
vn -0.0165 -0.3826 0.9237
vn -0.0165 -0.3826 0.9238
vn -0.0225 -0.5224 0.8524
vn -0.0280 -0.6492 0.7601
vn -0.0327 -0.7600 0.6491
vn -0.0367 -0.8521 0.5221
vn -0.0398 -0.9232 0.3824
vn -0.0418 -0.9715 0.2333
vn -0.0418 -0.9715 0.2332
vn -0.0429 -0.9960 0.0784
vn -0.1283 -0.9886 0.0784
vn -0.1438 -0.9746 0.1716
vn -0.1029 -0.9916 0.0784
vn -0.2466 -0.9659 0.0785
vn -0.2121 -0.9705 0.1146
vn -0.2076 -0.9500 0.2332
vn -0.1973 -0.9027 0.3824
vn -0.1821 -0.8332 0.5221
vn -0.1624 -0.7431 0.6491
vn -0.1624 -0.7432 0.6491
vn -0.1387 -0.6348 0.7601
vn -0.1116 -0.5108 0.8524
vn -0.0818 -0.3742 0.9238
vn -0.0818 -0.3742 0.9237
vn -0.0499 -0.2283 0.9723
vn -0.0168 -0.0767 0.9969
vn -0.0233 -0.0750 0.9969
vn -0.0693 -0.2231 0.9723
vn -0.1136 -0.3658 0.9237
vn -0.1136 -0.3657 0.9238
vn -0.1551 -0.4993 0.8524
vn -0.1928 -0.6205 0.7601
vn -0.2257 -0.7264 0.6491
vn -0.2531 -0.8145 0.5221
vn -0.2531 -0.8144 0.5221
vn -0.2742 -0.8824 0.3824
vn -0.2885 -0.9286 0.2332
vn -0.2958 -0.9520 0.0784
vn -0.3765 -0.9231 0.0784
vn -0.3830 -0.9149 0.1276
vn -0.3450 -0.9353 0.0785
vn -0.4778 -0.8749 0.0785
vn -0.4518 -0.8821 0.1335
vn -0.4433 -0.8655 0.2332
vn -0.4433 -0.8655 0.2333
vn -0.4213 -0.8224 0.3824
vn -0.3888 -0.7591 0.5221
vn -0.3468 -0.6770 0.6491
vn -0.2962 -0.5783 0.7601
vn -0.2384 -0.4654 0.8524
vn -0.1746 -0.3409 0.9237
vn -0.1065 -0.2079 0.9723
vn -0.1065 -0.2080 0.9723
vn -0.0358 -0.0699 0.9969
vn -0.0417 -0.0666 0.9969
vn -0.0417 -0.0665 0.9969
vn -0.1240 -0.1980 0.9723
vn -0.2033 -0.3246 0.9238
vn -0.2775 -0.4432 0.8524
vn -0.2775 -0.4431 0.8524
vn -0.3449 -0.5507 0.7601
vn -0.4037 -0.6447 0.6491
vn -0.4526 -0.7228 0.5222
vn -0.4526 -0.7228 0.5221
vn -0.4904 -0.7831 0.3824
vn -0.5161 -0.8242 0.2332
vn -0.5291 -0.8449 0.0784
vn -0.6004 -0.7958 0.0784
vn -0.5996 -0.7960 0.0828
vn -0.5850 -0.7768 0.2332
vn -0.5850 -0.7767 0.2332
vn -0.5559 -0.7381 0.3824
vn -0.5131 -0.6812 0.5221
vn -0.4577 -0.6076 0.6491
vn -0.3909 -0.5190 0.7601
vn -0.3146 -0.4176 0.8524
vn -0.3146 -0.4177 0.8524
vn -0.2304 -0.3059 0.9238
vn -0.2304 -0.3059 0.9237
vn -0.1406 -0.1866 0.9723
vn -0.0472 -0.0627 0.9969
vn -0.6660 -0.7418 0.0784
vn -0.6709 -0.7204 0.1759
vn -0.6474 -0.7581 0.0784
vn -0.7511 -0.6555 0.0785
vn -0.7250 -0.6796 0.1118
vn -0.7094 -0.6651 0.2332
vn -0.6741 -0.6319 0.3824
vn -0.6222 -0.5833 0.5221
vn -0.6222 -0.5833 0.5222
vn -0.5550 -0.5202 0.6491
vn -0.5550 -0.5203 0.6491
vn -0.4740 -0.4444 0.7601
vn -0.4741 -0.4444 0.7601
vn -0.3815 -0.3576 0.8524
vn -0.2794 -0.2619 0.9237
vn -0.1705 -0.1598 0.9723
vn -0.0573 -0.0537 0.9969
vn -0.0617 -0.0486 0.9969
vn -0.1836 -0.1446 0.9723
vn -0.3009 -0.2370 0.9237
vn -0.4108 -0.3235 0.8524
vn -0.5105 -0.4020 0.7601
vn -0.5976 -0.4706 0.6491
vn -0.6700 -0.5276 0.5221
vn -0.7259 -0.5717 0.3824
vn -0.7640 -0.6016 0.2332
vn -0.7832 -0.6168 0.0784
vn -0.8333 -0.5472 0.0784
vn -0.8340 -0.5358 0.1320
vn -0.8148 -0.5744 0.0785
vn -0.8899 -0.4494 0.0784
vn -0.8723 -0.4708 0.1324
vn -0.8557 -0.4618 0.2332
vn -0.8557 -0.4619 0.2332
vn -0.8131 -0.4389 0.3824
vn -0.7505 -0.4051 0.5221
vn -0.6694 -0.3613 0.6491
vn -0.5718 -0.3086 0.7601
vn -0.4601 -0.2483 0.8524
vn -0.3370 -0.1819 0.9237
vn -0.2056 -0.1110 0.9723
vn -0.0691 -0.0373 0.9969
vn -0.0721 -0.0312 0.9969
vn -0.2144 -0.0929 0.9723
vn -0.3514 -0.1523 0.9237
vn -0.3514 -0.1523 0.9238
vn -0.4798 -0.2079 0.8524
vn -0.5962 -0.2583 0.7601
vn -0.6980 -0.3024 0.6491
vn -0.7826 -0.3390 0.5221
vn -0.8479 -0.3673 0.3824
vn -0.8923 -0.3866 0.2332
vn -0.9148 -0.3963 0.0784
vn -0.9460 -0.3146 0.0784
vn -0.9448 -0.3160 0.0871
vn -0.9222 -0.3084 0.2332
vn -0.8763 -0.2931 0.3824
vn -0.8088 -0.2705 0.5221
vn -0.7214 -0.2413 0.6491
vn -0.6162 -0.2061 0.7601
vn -0.4959 -0.1659 0.8524
vn -0.4959 -0.1658 0.8524
vn -0.3632 -0.1215 0.9238
vn -0.2216 -0.0741 0.9723
vn -0.0745 -0.0249 0.9969
vn -0.9691 -0.2338 0.0784
vn -0.9604 -0.2124 0.1802
vn -0.9632 -0.2570 0.0784
vn -0.9904 -0.1136 0.0785
vn -0.9828 -0.1492 0.1088
vn -0.9614 -0.1459 0.2332
vn -0.9135 -0.1387 0.3824
vn -0.8432 -0.1280 0.5221
vn -0.7521 -0.1141 0.6491
vn -0.7521 -0.1142 0.6491
vn -0.6424 -0.0975 0.7601
vn -0.5169 -0.0785 0.8524
vn -0.3787 -0.0575 0.9237
vn -0.3787 -0.0575 0.9238
vn -0.2310 -0.0351 0.9723
vn -0.0776 -0.0118 0.9969
vn -0.0784 -0.0051 0.9969
vn -0.2332 -0.0151 0.9723
vn -0.3822 -0.0247 0.9238
vn -0.5218 -0.0337 0.8524
vn -0.6484 -0.0419 0.7601
vn -0.7591 -0.0491 0.6491
vn -0.8511 -0.0550 0.5221
vn -0.9221 -0.0596 0.3824
vn -0.9704 -0.0627 0.2332
vn -0.9948 -0.0643 0.0784
vn -0.9967 0.0215 0.0784
vn -0.9901 0.0320 0.1365
vn -0.9969 -0.0107 0.0785
vn -0.9877 0.1349 0.0785
vn -0.9856 0.1065 0.1311
vn -0.9668 0.1044 0.2332
vn -0.9187 0.0992 0.3824
vn -0.8479 0.0916 0.5221
vn -0.7563 0.0817 0.6491
vn -0.6460 0.0698 0.7601
vn -0.5198 0.0561 0.8524
vn -0.3808 0.0411 0.9238
vn -0.2323 0.0251 0.9723
vn -0.0781 0.0084 0.9969
vn -0.0771 0.0151 0.9969
vn -0.2293 0.0450 0.9723
vn -0.3758 0.0737 0.9237
vn -0.3758 0.0737 0.9238
vn -0.5131 0.1006 0.8524
vn -0.6376 0.1250 0.7601
vn -0.6376 0.1251 0.7601
vn -0.7465 0.1464 0.6491
vn -0.8369 0.1641 0.5221
vn -0.9067 0.1778 0.3824
vn -0.9542 0.1871 0.2332
vn -0.9783 0.1919 0.0784
vn -0.9575 0.2776 0.0784
vn -0.9571 0.2750 0.0911
vn -0.9346 0.2685 0.2332
vn -0.8881 0.2551 0.3824
vn -0.8197 0.2355 0.5221
vn -0.7311 0.2100 0.6491
vn -0.6245 0.1794 0.7601
vn -0.5025 0.1444 0.8524
vn -0.3681 0.1057 0.9237
vn -0.3681 0.1057 0.9238
vn -0.2246 0.0645 0.9723
vn -0.0755 0.0217 0.9969
vn -0.9310 0.3566 0.0784
vn -0.9106 0.3697 0.1846
vn -0.9390 0.3349 0.0784
vn -0.8800 0.4684 0.0785
vn -0.8946 0.4342 0.1056
vn -0.8748 0.4246 0.2332
vn -0.8313 0.4035 0.3824
vn -0.7673 0.3724 0.5221
vn -0.6844 0.3321 0.6491
vn -0.6843 0.3322 0.6491
vn -0.5846 0.2837 0.7601
vn -0.4704 0.2283 0.8524
vn -0.3446 0.1672 0.9238
vn -0.3446 0.1672 0.9237
vn -0.2102 0.1020 0.9723
vn -0.0706 0.0343 0.9969
vn -0.0674 0.0402 0.9969
vn -0.2007 0.1197 0.9723
vn -0.3289 0.1963 0.9237
vn -0.3289 0.1962 0.9238
vn -0.4490 0.2679 0.8524
vn -0.5580 0.3329 0.7601
vn -0.6533 0.3898 0.6491
vn -0.6533 0.3897 0.6491
vn -0.7324 0.4370 0.5221
vn -0.7935 0.4734 0.3824
vn -0.8351 0.4982 0.2332
vn -0.8561 0.5108 0.0784
vn -0.8090 0.5825 0.0784
vn -0.7967 0.5877 0.1409
vn -0.8270 0.5568 0.0785
vn -0.7368 0.6715 0.0784
vn -0.7519 0.6464 0.1296
vn -0.7374 0.6339 0.2332
vn -0.7007 0.6024 0.3824
vn -0.6467 0.5560 0.5221
vn -0.5769 0.4959 0.6491
vn -0.5768 0.4959 0.6491
vn -0.4927 0.4236 0.7601
vn -0.3965 0.3409 0.8524
vn -0.3965 0.3408 0.8524
vn -0.2904 0.2497 0.9237
vn -0.1772 0.1523 0.9723
vn -0.0595 0.0512 0.9969
vn -0.0549 0.0561 0.9969
vn -0.1634 0.1670 0.9723
vn -0.2679 0.2737 0.9238
vn -0.2679 0.2737 0.9237
vn -0.3657 0.3737 0.8524
vn -0.4545 0.4644 0.7601
vn -0.5321 0.5437 0.6491
vn -0.5321 0.5436 0.6491
vn -0.5965 0.6095 0.5222
vn -0.5965 0.6095 0.5221
vn -0.6463 0.6604 0.3824
vn -0.6802 0.6950 0.2332
vn -0.6973 0.7125 0.0784
vn -0.6309 0.7719 0.0784
vn -0.6325 0.7687 0.0950
vn -0.6179 0.7509 0.2332
vn -0.5871 0.7135 0.3824
vn -0.5419 0.6585 0.5221
vn -0.5419 0.6585 0.5222
vn -0.4834 0.5874 0.6491
vn -0.4129 0.5018 0.7601
vn -0.4129 0.5017 0.7601
vn -0.3322 0.4037 0.8524
vn -0.2434 0.2957 0.9238
vn -0.2434 0.2957 0.9237
vn -0.1485 0.1804 0.9723
vn -0.0499 0.0606 0.9969
vn -0.0499 0.0607 0.9969
vn -0.5649 0.8214 0.0784
vn -0.5397 0.8204 0.1889
vn -0.5832 0.8086 0.0784
vn -0.4589 0.8850 0.0785
vn -0.4912 0.8650 0.1023
vn -0.4802 0.8456 0.2332
vn -0.4562 0.8035 0.3824
vn -0.4563 0.8035 0.3824
vn -0.4211 0.7416 0.5221
vn -0.4211 0.7416 0.5222
vn -0.3756 0.6615 0.6491
vn -0.3208 0.5650 0.7601
vn -0.2582 0.4547 0.8524
vn -0.1891 0.3330 0.9238
vn -0.1891 0.3331 0.9237
vn -0.1154 0.2032 0.9723
vn -0.0388 0.0683 0.9969
vn -0.0328 0.0714 0.9969
vn -0.0328 0.0713 0.9969
vn -0.0975 0.2123 0.9723
vn -0.0975 0.2124 0.9723
vn -0.1598 0.3481 0.9237
vn -0.1598 0.3481 0.9238
vn -0.2181 0.4752 0.8524
vn -0.2711 0.5905 0.7601
vn -0.3174 0.6914 0.6491
vn -0.3174 0.6913 0.6491
vn -0.3558 0.7751 0.5221
vn -0.3855 0.8397 0.3824
vn -0.3855 0.8398 0.3824
vn -0.4057 0.8838 0.2332
vn -0.4057 0.8837 0.2332
vn -0.4159 0.9060 0.0784
vn -0.3365 0.9384 0.0784
vn -0.3224 0.9354 0.1453
vn -0.3651 0.9277 0.0785
vn -0.2257 0.9710 0.0785
vn -0.2533 0.9589 0.1280
vn -0.2483 0.9402 0.2332
vn -0.2360 0.8934 0.3824
vn -0.2359 0.8934 0.3824
vn -0.2178 0.8246 0.5221
vn -0.2178 0.8246 0.5222
vn -0.1942 0.7355 0.6491
vn -0.1659 0.6282 0.7601
vn -0.1335 0.5055 0.8524
vn -0.0978 0.3703 0.9237
vn -0.0978 0.3703 0.9238
vn -0.0597 0.2259 0.9723
vn -0.0201 0.0759 0.9969
vn -0.0135 0.0774 0.9969
vn -0.0400 0.2302 0.9723
vn -0.0656 0.3773 0.9237
vn -0.0656 0.3773 0.9238
vn -0.0896 0.5151 0.8524
vn -0.1113 0.6402 0.7601
vn -0.1303 0.7495 0.6491
vn -0.1461 0.8402 0.5221
vn -0.1461 0.8403 0.5221
vn -0.1583 0.9104 0.3824
vn -0.1583 0.9103 0.3824
vn -0.1666 0.9580 0.2332
vn -0.1708 0.9822 0.0784
vn -0.0816 0.9936 0.0784
vn -0.0855 0.9914 0.0987
vn -0.0836 0.9688 0.2332
vn -0.0794 0.9206 0.3824
vn -0.0733 0.8497 0.5221
vn -0.0654 0.7579 0.6491
vn -0.0559 0.6474 0.7601
vn -0.0449 0.5209 0.8524
vn -0.0329 0.3816 0.9238
vn -0.0329 0.3816 0.9237
vn -0.0201 0.2328 0.9723
vn -0.0068 0.0782 0.9969
vn 0.0214 0.9967 0.0784
vn -0.0000 0.9906 0.1365
vn -0.0000 0.9724 0.2332
vn -0.0000 0.9240 0.3824
vn -0.0000 0.8529 0.5221
vn -0.0000 0.7607 0.6491
vn -0.0000 0.6498 0.7601
vn -0.0000 0.5229 0.8524
vn -0.0000 0.3830 0.9238
vn -0.0000 0.2337 0.9723
vn -0.0000 0.2336 0.9723
vn -0.0000 0.0785 0.9969
vn 0.1243 0.9891 0.0785
vn 0.0855 0.9914 0.0987
vn 0.0836 0.9688 0.2332
vn 0.0794 0.9206 0.3824
vn 0.0733 0.8497 0.5221
vn 0.0733 0.8497 0.5222
vn 0.0654 0.7579 0.6491
vn 0.0559 0.6474 0.7601
vn 0.0449 0.5209 0.8524
vn 0.0329 0.3816 0.9237
vn 0.0329 0.3816 0.9238
vn 0.0201 0.2328 0.9723
vn 0.0068 0.0782 0.9969
vn 0.0068 0.0783 0.9969
vn 0.0135 0.0774 0.9969
vn 0.0135 0.0773 0.9969
vn 0.0400 0.2302 0.9723
vn 0.0656 0.3773 0.9237
vn 0.0656 0.3773 0.9238
vn 0.0896 0.5151 0.8524
vn 0.1113 0.6402 0.7601
vn 0.1303 0.7495 0.6491
vn 0.1303 0.7494 0.6491
vn 0.1461 0.8402 0.5222
vn 0.1461 0.8403 0.5221
vn 0.1583 0.9103 0.3824
vn 0.1666 0.9580 0.2332
vn 0.1708 0.9822 0.0784
vn 0.2546 0.9639 0.0784
vn 0.2651 0.9525 0.1497
vn 0.2257 0.9710 0.0785
vn 0.3651 0.9277 0.0785
vn 0.3348 0.9338 0.1262
vn 0.3282 0.9154 0.2332
vn 0.3119 0.8698 0.3824
vn 0.2879 0.8028 0.5221
vn 0.2879 0.8028 0.5222
vn 0.2568 0.7160 0.6491
vn 0.2567 0.7161 0.6491
vn 0.2193 0.6116 0.7601
vn 0.1765 0.4922 0.8524
vn 0.1293 0.3605 0.9237
vn 0.0789 0.2199 0.9723
vn 0.0265 0.0739 0.9969
vn 0.0328 0.0714 0.9969
vn 0.0975 0.2123 0.9723
vn 0.1598 0.3481 0.9238
vn 0.2181 0.4752 0.8524
vn 0.2711 0.5905 0.7601
vn 0.3174 0.6914 0.6491
vn 0.3174 0.6913 0.6491
vn 0.3558 0.7751 0.5221
vn 0.3558 0.7751 0.5222
vn 0.3855 0.8398 0.3824
vn 0.3855 0.8397 0.3824
vn 0.4057 0.8838 0.2332
vn 0.4159 0.9060 0.0784
vn 0.4922 0.8669 0.0784
vn 0.4953 0.8623 0.1053
vn 0.4589 0.8850 0.0785
vn 0.5832 0.8086 0.0784
vn 0.5614 0.8162 0.1364
vn 0.5511 0.8012 0.2333
vn 0.5511 0.8012 0.2332
vn 0.5236 0.7613 0.3824
vn 0.4833 0.7027 0.5221
vn 0.4311 0.6267 0.6491
vn 0.4311 0.6268 0.6491
vn 0.3682 0.5354 0.7601
vn 0.2963 0.4308 0.8524
vn 0.2170 0.3155 0.9238
vn 0.2170 0.3156 0.9237
vn 0.1324 0.1925 0.9723
vn 0.0445 0.0647 0.9969
vn 0.6636 0.7440 0.0785
vn 0.6325 0.7687 0.0950
vn 0.6179 0.7509 0.2332
vn 0.5872 0.7135 0.3824
vn 0.5871 0.7135 0.3824
vn 0.5419 0.6585 0.5221
vn 0.5419 0.6585 0.5222
vn 0.4834 0.5874 0.6491
vn 0.4129 0.5017 0.7601
vn 0.3322 0.4037 0.8524
vn 0.2434 0.2957 0.9237
vn 0.1485 0.1804 0.9723
vn 0.0499 0.0606 0.9969
vn 0.0499 0.0607 0.9969
vn 0.0549 0.0561 0.9969
vn 0.1634 0.1670 0.9723
vn 0.2679 0.2737 0.9238
vn 0.2679 0.2737 0.9237
vn 0.3657 0.3737 0.8524
vn 0.4545 0.4644 0.7601
vn 0.5321 0.5437 0.6491
vn 0.5321 0.5436 0.6491
vn 0.5965 0.6095 0.5222
vn 0.5965 0.6095 0.5221
vn 0.6463 0.6604 0.3824
vn 0.6802 0.6950 0.2332
vn 0.6973 0.7125 0.0784
vn 0.7560 0.6499 0.0784
vn 0.7582 0.6335 0.1541
vn 0.7368 0.6715 0.0785
vn 0.8270 0.5568 0.0785
vn 0.8052 0.5798 0.1242
vn 0.7892 0.5682 0.2332
vn 0.7499 0.5399 0.3824
vn 0.6921 0.4983 0.5221
vn 0.6921 0.4983 0.5222
vn 0.6173 0.4445 0.6491
vn 0.5273 0.3797 0.7601
vn 0.5273 0.3796 0.7601
vn 0.4243 0.3055 0.8524
vn 0.3108 0.2238 0.9238
vn 0.3108 0.2238 0.9237
vn 0.1896 0.1365 0.9723
vn 0.0637 0.0459 0.9969
vn 0.0674 0.0402 0.9969
vn 0.2007 0.1197 0.9723
vn 0.3289 0.1962 0.9237
vn 0.3289 0.1962 0.9238
vn 0.4490 0.2679 0.8524
vn 0.5580 0.3329 0.7601
vn 0.6533 0.3898 0.6491
vn 0.7324 0.4370 0.5221
vn 0.7935 0.4734 0.3824
vn 0.8351 0.4982 0.2332
vn 0.8351 0.4982 0.2333
vn 0.8561 0.5108 0.0784
vn 0.8969 0.4353 0.0784
vn 0.8967 0.4288 0.1098
vn 0.8800 0.4684 0.0785
vn 0.9390 0.3349 0.0785
vn 0.9251 0.3544 0.1362
vn 0.9081 0.3478 0.2332
vn 0.8629 0.3305 0.3824
vn 0.7964 0.3051 0.5221
vn 0.7964 0.3051 0.5222
vn 0.7104 0.2721 0.6491
vn 0.6068 0.2324 0.7601
vn 0.4883 0.1870 0.8524
vn 0.3577 0.1370 0.9238
vn 0.2182 0.0836 0.9723
vn 0.0733 0.0281 0.9969
vn 0.9685 0.2362 0.0785
vn 0.9571 0.2750 0.0911
vn 0.9346 0.2685 0.2332
vn 0.8881 0.2551 0.3824
vn 0.8197 0.2355 0.5222
vn 0.7311 0.2100 0.6491
vn 0.6245 0.1794 0.7601
vn 0.5025 0.1444 0.8524
vn 0.3681 0.1057 0.9237
vn 0.2246 0.0645 0.9723
vn 0.0755 0.0217 0.9969
vn 0.0771 0.0151 0.9969
vn 0.2293 0.0450 0.9723
vn 0.3758 0.0737 0.9238
vn 0.3758 0.0737 0.9237
vn 0.5131 0.1006 0.8524
vn 0.6376 0.1250 0.7601
vn 0.6376 0.1251 0.7601
vn 0.7465 0.1464 0.6491
vn 0.8369 0.1641 0.5221
vn 0.8369 0.1641 0.5222
vn 0.9067 0.1778 0.3824
vn 0.9542 0.1871 0.2333
vn 0.9542 0.1871 0.2332
vn 0.9783 0.1919 0.0784
vn 0.9912 0.1071 0.0784
vn 0.9831 0.0914 0.1585
vn 0.9877 0.1349 0.0785
vn 0.9969 -0.0107 0.0785
vn 0.9923 0.0214 0.1221
vn 0.9722 0.0209 0.2332
vn 0.9238 0.0199 0.3824
vn 0.8526 0.0184 0.5222
vn 0.8527 0.0184 0.5222
vn 0.7605 0.0164 0.6491
vn 0.6496 0.0140 0.7601
vn 0.5227 0.0113 0.8524
vn 0.5227 0.0112 0.8524
vn 0.3829 0.0082 0.9238
vn 0.2336 0.0050 0.9723
vn 0.0785 0.0017 0.9969
vn 0.0784 -0.0051 0.9969
vn 0.2332 -0.0151 0.9723
vn 0.3822 -0.0247 0.9237
vn 0.3822 -0.0247 0.9238
vn 0.5218 -0.0337 0.8524
vn 0.6484 -0.0419 0.7601
vn 0.7591 -0.0491 0.6491
vn 0.8511 -0.0550 0.5221
vn 0.8511 -0.0550 0.5222
vn 0.9221 -0.0596 0.3824
vn 0.9704 -0.0627 0.2332
vn 0.9704 -0.0627 0.2333
vn 0.9948 -0.0643 0.0784
vn 0.9856 -0.1496 0.0784
vn 0.9812 -0.1556 0.1143
vn 0.9904 -0.1136 0.0784
vn 0.9632 -0.2570 0.0784
vn 0.9631 -0.2323 0.1358
vn 0.9453 -0.2280 0.2332
vn 0.8982 -0.2167 0.3824
vn 0.8291 -0.2000 0.5222
vn 0.8291 -0.2000 0.5221
vn 0.7395 -0.1784 0.6491
vn 0.6317 -0.1524 0.7601
vn 0.5083 -0.1226 0.8524
vn 0.3723 -0.0898 0.9237
vn 0.3723 -0.0898 0.9238
vn 0.2271 -0.0548 0.9723
vn 0.0763 -0.0184 0.9969
vn 0.9315 -0.3551 0.0785
vn 0.9448 -0.3160 0.0871
vn 0.9222 -0.3084 0.2332
vn 0.9222 -0.3085 0.2332
vn 0.8763 -0.2931 0.3824
vn 0.8088 -0.2705 0.5222
vn 0.8088 -0.2705 0.5221
vn 0.7214 -0.2413 0.6491
vn 0.6162 -0.2061 0.7601
vn 0.4958 -0.1659 0.8524
vn 0.4959 -0.1658 0.8524
vn 0.3632 -0.1215 0.9238
vn 0.3632 -0.1215 0.9237
vn 0.2216 -0.0741 0.9723
vn 0.0745 -0.0249 0.9969
vn 0.0721 -0.0312 0.9969
vn 0.2144 -0.0929 0.9723
vn 0.3514 -0.1523 0.9238
vn 0.3514 -0.1523 0.9237
vn 0.4798 -0.2079 0.8524
vn 0.5962 -0.2583 0.7601
vn 0.6980 -0.3024 0.6491
vn 0.7826 -0.3390 0.5222
vn 0.7826 -0.3391 0.5221
vn 0.8479 -0.3673 0.3824
vn 0.8478 -0.3673 0.3824
vn 0.8923 -0.3866 0.2332
vn 0.9148 -0.3963 0.0784
vn 0.8773 -0.4735 0.0784
vn 0.8608 -0.4822 0.1628
vn 0.8899 -0.4493 0.0784
vn 0.8148 -0.5744 0.0784
vn 0.8299 -0.5449 0.1198
vn 0.8129 -0.5337 0.2332
vn 0.7724 -0.5071 0.3824
vn 0.7129 -0.4681 0.5221
vn 0.7129 -0.4681 0.5222
vn 0.6359 -0.4175 0.6491
vn 0.5432 -0.3566 0.7601
vn 0.4371 -0.2870 0.8524
vn 0.3202 -0.2102 0.9237
vn 0.3202 -0.2102 0.9238
vn 0.1953 -0.1282 0.9723
vn 0.0656 -0.0431 0.9969
vn 0.0617 -0.0486 0.9969
vn 0.1836 -0.1446 0.9723
vn 0.1836 -0.1445 0.9723
vn 0.3009 -0.2369 0.9238
vn 0.3009 -0.2370 0.9237
vn 0.4108 -0.3235 0.8524
vn 0.5105 -0.4020 0.7601
vn 0.5976 -0.4706 0.6491
vn 0.6700 -0.5276 0.5221
vn 0.6700 -0.5276 0.5222
vn 0.7259 -0.5717 0.3824
vn 0.7640 -0.6016 0.2333
vn 0.7640 -0.6016 0.2332
vn 0.7832 -0.6168 0.0784
vn 0.7273 -0.6818 0.0784
vn 0.7193 -0.6845 0.1187
vn 0.7511 -0.6555 0.0785
vn 0.6474 -0.7581 0.0785
vn 0.6619 -0.7373 0.1352
vn 0.6496 -0.7236 0.2332
vn 0.6173 -0.6876 0.3824
vn 0.6173 -0.6875 0.3824
vn 0.5698 -0.6346 0.5221
vn 0.5082 -0.5660 0.6491
vn 0.5082 -0.5661 0.6491
vn 0.4341 -0.4835 0.7601
vn 0.3493 -0.3891 0.8524
vn 0.2559 -0.2850 0.9238
vn 0.2559 -0.2850 0.9237
vn 0.1561 -0.1739 0.9723
vn 0.0525 -0.0584 0.9969
vn 0.5657 -0.8209 0.0785
vn 0.5996 -0.7960 0.0828
vn 0.5850 -0.7767 0.2332
vn 0.5559 -0.7381 0.3824
vn 0.5131 -0.6813 0.5221
vn 0.5131 -0.6812 0.5221
vn 0.4577 -0.6076 0.6491
vn 0.4576 -0.6076 0.6491
vn 0.3909 -0.5190 0.7601
vn 0.3146 -0.4176 0.8524
vn 0.3146 -0.4177 0.8524
vn 0.2304 -0.3059 0.9238
vn 0.2304 -0.3059 0.9237
vn 0.1406 -0.1866 0.9723
vn 0.0472 -0.0627 0.9969
vn 0.0417 -0.0666 0.9969
vn 0.1240 -0.1980 0.9723
vn 0.2033 -0.3246 0.9237
vn 0.2775 -0.4431 0.8524
vn 0.2775 -0.4432 0.8524
vn 0.3449 -0.5507 0.7601
vn 0.4037 -0.6447 0.6491
vn 0.4526 -0.7228 0.5222
vn 0.4526 -0.7229 0.5221
vn 0.4904 -0.7831 0.3824
vn 0.5161 -0.8242 0.2333
vn 0.5161 -0.8242 0.2332
vn 0.5291 -0.8449 0.0784
vn 0.4545 -0.8873 0.0784
vn 0.4349 -0.8848 0.1672
vn 0.4778 -0.8749 0.0785
vn 0.3450 -0.9353 0.0785
vn 0.3751 -0.9195 0.1173
vn 0.3673 -0.9004 0.2332
vn 0.3490 -0.8556 0.3824
vn 0.3221 -0.7897 0.5221
vn 0.2873 -0.7043 0.6491
vn 0.2873 -0.7044 0.6491
vn 0.2454 -0.6017 0.7601
vn 0.2454 -0.6016 0.7601
vn 0.1975 -0.4841 0.8524
vn 0.1447 -0.3546 0.9238
vn 0.1447 -0.3546 0.9237
vn 0.0883 -0.2163 0.9723
vn 0.0297 -0.0727 0.9969
vn 0.0233 -0.0750 0.9969
vn 0.0693 -0.2232 0.9723
vn 0.0693 -0.2231 0.9723
vn 0.1136 -0.3658 0.9237
vn 0.1551 -0.4993 0.8524
vn 0.1928 -0.6205 0.7601
vn 0.2257 -0.7265 0.6491
vn 0.2257 -0.7264 0.6491
vn 0.2531 -0.8144 0.5222
vn 0.2531 -0.8145 0.5221
vn 0.2742 -0.8824 0.3824
vn 0.2885 -0.9286 0.2332
vn 0.2958 -0.9520 0.0784
vn 0.2129 -0.9739 0.0784
vn 0.2039 -0.9712 0.1232
vn 0.2466 -0.9659 0.0785
vn 0.1030 -0.9916 0.0784
vn 0.1276 -0.9827 0.1344
vn 0.1252 -0.9643 0.2332
vn 0.1190 -0.9163 0.3824
vn 0.1098 -0.8458 0.5221
vn 0.1098 -0.8458 0.5222
vn 0.0979 -0.7544 0.6491
vn 0.0837 -0.6444 0.7601
vn 0.0673 -0.5185 0.8524
vn 0.0493 -0.3798 0.9238
vn 0.0301 -0.2317 0.9723
vn 0.0101 -0.0779 0.9969
vn 0.0034 -0.0785 0.9969
vn 0.0034 -0.0784 0.9969
vn 0.0101 -0.2334 0.9723
vn 0.0165 -0.3827 0.9237
vn 0.0165 -0.3826 0.9238
vn 0.0225 -0.5224 0.8524
vn 0.0280 -0.6492 0.7601
vn 0.0327 -0.7600 0.6491
vn 0.0367 -0.8521 0.5222
vn 0.0367 -0.8521 0.5221
vn 0.0398 -0.9232 0.3824
vn 0.0418 -0.9715 0.2332
vn 0.0429 -0.9960 0.0784
vn -1.0000 -0.0000 -0.0000
vn -0.0000 1.0000 -0.0000
vn 1.0000 -0.0000 -0.0000
vn -0.0000 -1.0000 -0.0000
s 0
f 1//1 2//1 3//1
f 3//1 2//1 4//1
f 3//2 4//2 5//2
f 5//2 4//2 6//2
f 5//3 6//3 7//3
f 7//3 6//3 8//3
f 7//4 8//4 9//4
f 9//4 8//4 10//4
f 9//5 10//5 11//5
f 11//5 10//5 12//5
f 11//6 12//6 13//6
f 13//6 12//6 14//6
f 13//7 14//7 15//7
f 15//7 14//7 16//7
f 15//8 16//8 17//8
f 17//8 16//8 18//8
f 17//9 18//9 19//9
f 19//9 18//9 20//9
f 19//10 20//10 21//10
f 21//10 20//10 22//10
f 21//11 22//11 23//11
f 23//11 22//11 24//11
f 23//12 24//12 25//12
f 25//12 24//12 26//12
f 25//13 26//13 27//13
f 27//13 26//13 28//13
f 27//14 28//14 29//14
f 29//14 28//14 30//14
f 29//15 30//15 31//15
f 31//15 30//15 32//15
f 31//16 32//16 33//16
f 33//16 32//16 34//16
f 33//17 34//17 35//17
f 35//17 34//17 36//17
f 35//18 36//18 37//18
f 37//18 36//18 38//18
f 37//19 38//19 39//19
f 39//19 38//19 40//19
f 39//20 40//20 41//20
f 41//20 40//20 42//20
f 41//21 42//21 43//21
f 43//21 42//21 44//21
f 43//22 44//22 45//22
f 45//22 44//22 46//22
f 45//23 46//23 47//23
f 47//24 46//24 48//24
f 47//25 48//25 49//25
f 49//25 48//25 50//25
f 49//26 50//26 51//26
f 51//26 50//26 52//26
f 51//27 52//27 53//27
f 53//27 52//27 54//27
f 53//28 54//28 55//28
f 55//28 54//28 56//28
f 55//29 56//29 57//29
f 57//29 56//29 58//29
f 57//30 58//30 59//30
f 59//30 58//30 60//30
f 59//31 60//31 61//31
f 61//31 60//31 62//31
f 61//32 62//32 63//32
f 63//32 62//32 64//32
f 63//33 64//33 65//33
f 65//33 64//33 66//33
f 65//34 66//34 67//34
f 67//34 66//34 68//34
f 67//35 68//35 69//35
f 69//35 68//35 70//35
f 69//36 70//36 71//36
f 71//36 70//36 72//36
f 71//37 72//37 73//37
f 73//37 72//37 74//37
f 73//38 74//38 75//38
f 75//38 74//38 76//38
f 75//39 76//39 77//39
f 77//39 76//39 78//39
f 77//40 78//40 79//40
f 79//40 78//40 80//40
f 79//41 80//41 81//41
f 81//41 80//41 82//41
f 81//42 82//42 83//42
f 83//42 82//42 84//42
f 83//43 84//43 85//43
f 85//43 84//43 86//43
f 85//44 86//44 87//44
f 87//44 86//44 88//44
f 87//45 88//45 89//45
f 89//45 88//45 90//45
f 89//46 90//46 91//46
f 91//46 90//46 92//46
f 91//47 92//47 93//47
f 93//48 92//48 94//48
f 93//49 94//49 95//49
f 95//49 94//49 96//49
f 95//50 96//50 97//50
f 97//50 96//50 98//50
f 97//51 98//51 99//51
f 99//51 98//51 100//51
f 99//52 100//52 101//52
f 101//52 100//52 102//52
f 101//53 102//53 103//53
f 103//53 102//53 104//53
f 103//54 104//54 105//54
f 105//54 104//54 106//54
f 105//55 106//55 107//55
f 107//55 106//55 108//55
f 107//56 108//56 109//56
f 109//56 108//56 110//56
f 109//57 110//57 111//57
f 111//57 110//57 112//57
f 111//58 112//58 113//58
f 113//58 112//58 114//58
f 113//59 114//59 115//59
f 115//59 114//59 116//59
f 115//60 116//60 117//60
f 117//60 116//60 118//60
f 117//61 118//61 119//61
f 119//62 118//62 120//62
f 119//63 120//63 121//63
f 121//63 120//63 122//63
f 121//64 122//64 123//64
f 123//64 122//64 124//64
f 123//65 124//65 125//65
f 125//65 124//65 126//65
f 125//66 126//66 127//66
f 127//66 126//66 128//66
f 127//67 128//67 129//67
f 129//67 128//67 130//67
f 129//68 130//68 131//68
f 131//68 130//68 132//68
f 131//69 132//69 133//69
f 133//69 132//69 134//69
f 133//70 134//70 135//70
f 135//70 134//70 136//70
f 135//71 136//71 137//71
f 137//72 136//72 138//72
f 137//73 138//73 139//73
f 139//73 138//73 140//73
f 139//74 140//74 141//74
f 141//74 140//74 142//74
f 141//75 142//75 143//75
f 143//75 142//75 144//75
f 143//76 144//76 145//76
f 145//76 144//76 146//76
f 145//77 146//77 147//77
f 147//77 146//77 148//77
f 147//78 148//78 149//78
f 149//78 148//78 150//78
f 149//79 150//79 151//79
f 151//79 150//79 152//79
f 151//80 152//80 153//80
f 153//80 152//80 154//80
f 153//81 154//81 155//81
f 155//81 154//81 156//81
f 155//82 156//82 157//82
f 157//82 156//82 158//82
f 157//83 158//83 159//83
f 159//83 158//83 160//83
f 159//84 160//84 161//84
f 161//84 160//84 162//84
f 161//85 162//85 163//85
f 163//86 162//86 164//86
f 163//87 164//87 165//87
f 165//87 164//87 166//87
f 165//88 166//88 167//88
f 167//88 166//88 168//88
f 167//89 168//89 169//89
f 169//89 168//89 170//89
f 169//90 170//90 171//90
f 171//90 170//90 172//90
f 171//91 172//91 173//91
f 173//91 172//91 174//91
f 173//92 174//92 175//92
f 175//92 174//92 176//92
f 175//93 176//93 177//93
f 177//93 176//93 178//93
f 177//94 178//94 179//94
f 179//94 178//94 180//94
f 179//95 180//95 181//95
f 181//95 180//95 182//95
f 181//96 182//96 183//96
f 183//96 182//96 184//96
f 183//97 184//97 185//97
f 185//97 184//97 186//97
f 185//98 186//98 187//98
f 187//98 186//98 188//98
f 187//99 188//99 189//99
f 189//99 188//99 190//99
f 189//100 190//100 191//100
f 191//100 190//100 192//100
f 191//101 192//101 193//101
f 193//101 192//101 194//101
f 193//102 194//102 195//102
f 195//102 194//102 196//102
f 195//103 196//103 197//103
f 197//103 196//103 198//103
f 197//104 198//104 199//104
f 199//104 198//104 200//104
f 199//105 200//105 201//105
f 201//105 200//105 202//105
f 201//106 202//106 203//106
f 203//106 202//106 204//106
f 203//107 204//107 205//107
f 205//107 204//107 206//107
f 205//108 206//108 207//108
f 207//108 206//108 208//108
f 207//109 208//109 209//109
f 209//110 208//110 210//110
f 209//111 210//111 211//111
f 211//111 210//111 212//111
f 211//112 212//112 213//112
f 213//112 212//112 214//112
f 213//113 214//113 215//113
f 215//113 214//113 216//113
f 215//114 216//114 217//114
f 217//114 216//114 218//114
f 217//115 218//115 219//115
f 219//115 218//115 220//115
f 219//116 220//116 221//116
f 221//116 220//116 222//116
f 221//117 222//117 223//117
f 223//117 222//117 224//117
f 223//118 224//118 225//118
f 225//118 224//118 226//118
f 225//119 226//119 227//119
f 227//119 226//119 228//119
f 227//120 228//120 229//120
f 229//120 228//120 230//120
f 229//121 230//121 231//121
f 231//121 230//121 232//121
f 231//122 232//122 233//122
f 233//122 232//122 234//122
f 233//123 234//123 235//123
f 235//123 234//123 236//123
f 235//124 236//124 237//124
f 237//124 236//124 238//124
f 237//125 238//125 239//125
f 239//125 238//125 240//125
f 239//126 240//126 241//126
f 241//126 240//126 242//126
f 241//127 242//127 243//127
f 243//127 242//127 244//127
f 243//128 244//128 245//128
f 245//128 244//128 246//128
f 245//129 246//129 247//129
f 247//129 246//129 248//129
f 247//130 248//130 1//130
f 1//130 248//130 2//130
f 249//131 250//131 251//131
f 252//131 253//131 254//131
f 253//131 252//131 255//131
f 251//131 256//131 249//131
f 249//131 256//131 257//131
f 249//131 257//131 258//131
f 258//131 257//131 259//131
f 259//131 260//131 258//131
f 258//131 260//131 261//131
f 258//131 261//131 262//131
f 258//131 263//131 264//131
f 265//131 266//131 258//131
f 262//131 267//131 258//131
f 258//131 267//131 268//131
f 258//131 268//131 269//131
f 270//131 271//131 249//131
f 249//131 271//131 272//131
f 249//131 272//131 250//131
f 273//131 274//131 275//131
f 275//131 274//131 276//131
f 275//131 276//131 277//131
f 278//131 279//131 252//131
f 252//131 279//131 280//131
f 252//131 280//131 255//131
f 269//131 281//131 258//131
f 258//131 281//131 282//131
f 258//131 282//131 283//131
f 254//131 284//131 252//131
f 252//131 284//131 285//131
f 252//131 285//131 286//131
f 252//131 287//131 288//131
f 288//131 289//131 252//131
f 252//131 289//131 290//131
f 252//131 290//131 291//131
f 277//131 292//131 275//131
f 275//131 292//131 293//131
f 275//131 293//131 294//131
f 278//131 252//131 295//131
f 295//131 252//131 275//131
f 295//131 275//131 296//131
f 264//131 297//131 258//131
f 258//131 297//131 298//131
f 258//131 298//131 299//131
f 299//131 300//131 258//131
f 258//131 300//131 301//131
f 258//131 301//131 302//131
f 266//131 303//131 258//131
f 258//131 303//131 304//131
f 258//131 304//131 305//131
f 283//131 306//131 258//131
f 258//131 306//131 307//131
f 258//131 307//131 263//131
f 286//131 308//131 252//131
f 252//131 308//131 309//131
f 252//131 309//131 287//131
f 291//131 310//131 252//131
f 252//131 310//131 311//131
f 252//131 311//131 249//131
f 249//131 311//131 312//131
f 249//131 312//131 270//131
f 302//131 313//131 258//131
f 258//131 313//131 314//131
f 258//131 314//131 265//131
f 305//131 315//131 258//131
f 258//131 315//131 316//131
f 258//131 316//131 275//131
f 275//131 316//131 317//131
f 275//131 317//131 273//131
f 294//131 318//131 275//131
f 275//131 318//131 319//131
f 275//131 319//131 320//131
f 321//131 322//131 275//131
f 275//131 322//131 323//131
f 275//131 323//131 296//131
f 320//131 324//131 275//131
f 275//131 324//131 325//131
f 275//131 325//131 321//131
f 326//132 327//132 328//132
f 329//132 330//132 328//132
f 328//132 330//132 331//132
f 328//132 331//132 326//132
f 332//132 333//132 328//132
f 328//132 333//132 334//132
f 328//132 334//132 329//132
f 335//132 336//132 328//132
f 328//132 336//132 337//132
f 328//132 337//132 332//132
f 338//132 339//132 328//132
f 328//132 339//132 340//132
f 328//132 340//132 335//132
f 341//132 342//132 328//132
f 328//132 342//132 343//132
f 328//132 343//132 338//132
f 344//132 345//132 328//132
f 328//132 345//132 346//132
f 328//132 346//132 341//132
f 347//132 348//132 328//132
f 328//132 348//132 349//132
f 328//132 349//132 344//132
f 350//132 351//132 328//132
f 328//132 351//132 352//132
f 328//132 352//132 347//132
f 353//132 354//132 328//132
f 328//132 354//132 355//132
f 328//132 355//132 350//132
f 356//132 357//132 328//132
f 328//132 357//132 358//132
f 328//132 358//132 353//132
f 359//132 360//132 328//132
f 328//132 360//132 361//132
f 328//132 361//132 356//132
f 362//132 363//132 328//132
f 328//132 363//132 364//132
f 328//132 364//132 359//132
f 365//132 366//132 328//132
f 328//132 366//132 367//132
f 328//132 367//132 362//132
f 368//132 369//132 328//132
f 328//132 369//132 370//132
f 328//132 370//132 365//132
f 371//132 372//132 328//132
f 328//132 372//132 373//132
f 328//132 373//132 368//132
f 374//132 375//132 328//132
f 328//132 375//132 376//132
f 328//132 376//132 371//132
f 377//132 378//132 328//132
f 328//132 378//132 379//132
f 328//132 379//132 374//132
f 380//132 381//132 328//132
f 328//132 381//132 382//132
f 328//132 382//132 377//132
f 383//132 384//132 328//132
f 328//132 384//132 385//132
f 328//132 385//132 380//132
f 386//132 387//132 328//132
f 328//132 387//132 388//132
f 328//132 388//132 383//132
f 389//132 390//132 328//132
f 328//132 390//132 391//132
f 328//132 391//132 386//132
f 392//132 393//132 328//132
f 328//132 393//132 394//132
f 328//132 394//132 389//132
f 395//132 396//132 328//132
f 328//132 396//132 397//132
f 328//132 397//132 392//132
f 327//132 398//132 328//132
f 328//132 398//132 399//132
f 328//132 399//132 395//132
f 110//133 400//133 112//133
f 112//134 400//134 401//134
f 112//135 401//135 114//135
f 114//136 401//136 402//136
f 114//137 402//137 116//137
f 116//138 402//138 403//138
f 116//138 403//138 118//138
f 110//139 108//139 400//139
f 400//140 108//140 106//140
f 400//140 106//140 404//140
f 404//141 106//141 104//141
f 404//142 104//142 405//142
f 104//143 102//143 405//143
f 405//144 102//144 100//144
f 405//145 100//145 406//145
f 406//146 100//146 98//146
f 406//147 98//147 407//147
f 407//148 98//148 96//148
f 96//149 94//149 407//149
f 407//150 94//150 92//150
f 407//150 92//150 408//150
f 408//151 92//151 90//151
f 408//152 90//152 409//152
f 409//153 90//153 88//153
f 409//154 88//154 410//154
f 410//155 88//155 86//155
f 86//156 84//156 410//156
f 410//157 84//157 82//157
f 410//157 82//157 411//157
f 411//158 82//158 80//158
f 411//159 80//159 412//159
f 80//160 78//160 412//160
f 412//161 78//161 76//161
f 412//162 76//162 413//162
f 413//163 76//163 74//163
f 413//164 74//164 414//164
f 414//165 74//165 72//165
f 72//166 70//166 414//166
f 414//167 70//167 68//167
f 414//167 68//167 415//167
f 415//168 68//168 66//168
f 415//169 66//169 416//169
f 416//170 66//170 64//170
f 416//171 64//171 417//171
f 417//172 64//172 62//172
f 62//173 60//173 417//173
f 417//174 60//174 58//174
f 417//174 58//174 418//174
f 418//175 58//175 56//175
f 418//176 56//176 419//176
f 56//177 54//177 419//177
f 419//178 54//178 52//178
f 419//179 52//179 420//179
f 420//180 52//180 50//180
f 420//181 50//181 421//181
f 421//182 50//182 48//182
f 48//183 46//183 421//183
f 421//184 46//184 44//184
f 421//184 44//184 422//184
f 422//185 44//185 42//185
f 422//186 42//186 423//186
f 423//187 42//187 40//187
f 423//188 40//188 424//188
f 424//189 40//189 38//189
f 38//190 36//190 424//190
f 424//191 36//191 34//191
f 424//191 34//191 425//191
f 425//192 34//192 32//192
f 425//193 32//193 426//193
f 32//194 30//194 426//194
f 426//195 30//195 28//195
f 426//196 28//196 427//196
f 427//197 28//197 26//197
f 427//198 26//198 428//198
f 428//199 26//199 24//199
f 24//200 22//200 428//200
f 428//201 22//201 20//201
f 428//201 20//201 429//201
f 429//202 20//202 18//202
f 429//203 18//203 430//203
f 430//204 18//204 16//204
f 430//205 16//205 431//205
f 431//206 16//206 14//206
f 14//207 12//207 431//207
f 431//208 12//208 10//208
f 431//208 10//208 432//208
f 432//209 10//209 8//209
f 432//210 8//210 433//210
f 433//211 8//211 6//211
f 433//212 6//212 434//212
f 434//213 6//213 4//213
f 4//214 2//214 434//214
f 434//215 2//215 248//215
f 434//216 248//216 435//216
f 248//217 246//217 435//217
f 435//218 246//218 244//218
f 435//218 244//218 436//218
f 436//219 244//219 242//219
f 436//220 242//220 437//220
f 437//221 242//221 240//221
f 437//222 240//222 438//222
f 438//223 240//223 238//223
f 238//224 236//224 438//224
f 438//225 236//225 234//225
f 438//225 234//225 439//225
f 439//226 234//226 232//226
f 439//227 232//227 440//227
f 440//228 232//228 230//228
f 440//229 230//229 441//229
f 441//230 230//230 228//230
f 228//231 226//231 441//231
f 441//232 226//232 224//232
f 441//233 224//233 442//233
f 224//234 222//234 442//234
f 442//235 222//235 220//235
f 442//235 220//235 443//235
f 443//236 220//236 218//236
f 443//237 218//237 444//237
f 444//238 218//238 216//238
f 444//239 216//239 445//239
f 445//240 216//240 214//240
f 214//241 212//241 445//241
f 445//242 212//242 210//242
f 445//242 210//242 446//242
f 446//243 210//243 208//243
f 446//244 208//244 447//244
f 447//245 208//245 206//245
f 447//246 206//246 448//246
f 448//247 206//247 204//247
f 204//248 202//248 448//248
f 448//249 202//249 200//249
f 448//250 200//250 449//250
f 200//251 198//251 449//251
f 449//252 198//252 196//252
f 449//252 196//252 450//252
f 450//253 196//253 194//253
f 450//254 194//254 451//254
f 451//255 194//255 192//255
f 451//256 192//256 452//256
f 452//257 192//257 190//257
f 190//258 188//258 452//258
f 452//259 188//259 186//259
f 452//259 186//259 453//259
f 453//260 186//260 184//260
f 453//261 184//261 454//261
f 454//262 184//262 182//262
f 454//263 182//263 455//263
f 455//264 182//264 180//264
f 180//265 178//265 455//265
f 455//266 178//266 176//266
f 455//267 176//267 456//267
f 176//268 174//268 456//268
f 456//269 174//269 172//269
f 456//269 172//269 457//269
f 457//270 172//270 170//270
f 457//271 170//271 458//271
f 458//272 170//272 168//272
f 458//273 168//273 459//273
f 459//274 168//274 166//274
f 166//275 164//275 459//275
f 459//276 164//276 162//276
f 459//276 162//276 460//276
f 460//277 162//277 160//277
f 460//278 160//278 461//278
f 461//279 160//279 158//279
f 461//280 158//280 462//280
f 462//281 158//281 156//281
f 156//282 154//282 462//282
f 462//283 154//283 152//283
f 462//284 152//284 463//284
f 152//285 150//285 463//285
f 463//286 150//286 148//286
f 463//286 148//286 464//286
f 464//287 148//287 146//287
f 464//288 146//288 465//288
f 465//289 146//289 144//289
f 465//290 144//290 466//290
f 466//291 144//291 142//291
f 142//292 140//292 466//292
f 466//293 140//293 138//293
f 466//293 138//293 467//293
f 467//294 138//294 136//294
f 467//295 136//295 468//295
f 468//296 136//296 134//296
f 468//297 134//297 469//297
f 469//298 134//298 132//298
f 132//299 130//299 469//299
f 469//300 130//300 128//300
f 469//300 128//300 470//300
f 470//301 128//301 126//301
f 470//301 126//301 471//301
f 471//302 126//302 124//302
f 471//303 124//303 472//303
f 472//304 124//304 122//304
f 472//305 122//305 403//305
f 403//306 122//306 120//306
f 403//307 120//307 118//307
f 470//308 473//308 469//308
f 469//309 473//309 474//309
f 469//310 474//310 468//310
f 468//311 474//311 475//311
f 468//311 475//311 467//311
f 467//312 475//312 476//312
f 467//312 476//312 466//312
f 466//313 476//313 477//313
f 466//313 477//313 465//313
f 465//314 477//314 478//314
f 465//314 478//314 464//314
f 464//315 478//315 479//315
f 464//315 479//315 463//315
f 463//316 479//316 480//316
f 463//317 480//317 462//317
f 462//318 480//318 481//318
f 462//319 481//319 461//319
f 461//320 481//320 482//320
f 461//320 482//320 460//320
f 460//321 482//321 483//321
f 460//321 483//321 459//321
f 459//322 483//322 484//322
f 459//322 484//322 458//322
f 458//323 484//323 485//323
f 458//324 485//324 457//324
f 457//325 485//325 486//325
f 457//325 486//325 456//325
f 456//326 486//326 487//326
f 456//326 487//326 455//326
f 455//327 487//327 488//327
f 455//327 488//327 454//327
f 454//328 488//328 489//328
f 454//328 489//328 453//328
f 453//329 489//329 490//329
f 453//330 490//330 452//330
f 452//331 490//331 491//331
f 452//332 491//332 451//332
f 451//333 491//333 492//333
f 451//333 492//333 450//333
f 450//334 492//334 493//334
f 450//334 493//334 449//334
f 449//335 493//335 494//335
f 449//335 494//335 448//335
f 448//336 494//336 495//336
f 448//337 495//337 447//337
f 447//338 495//338 496//338
f 447//338 496//338 446//338
f 446//339 496//339 497//339
f 446//339 497//339 445//339
f 445//340 497//340 498//340
f 445//340 498//340 444//340
f 444//341 498//341 499//341
f 444//341 499//341 443//341
f 443//342 499//342 500//342
f 443//342 500//342 442//342
f 442//343 500//343 501//343
f 442//343 501//343 441//343
f 441//344 501//344 502//344
f 441//344 502//344 440//344
f 440//345 502//345 503//345
f 440//345 503//345 439//345
f 439//346 503//346 504//346
f 439//346 504//346 438//346
f 438//347 504//347 505//347
f 438//347 505//347 437//347
f 437//348 505//348 506//348
f 437//348 506//348 436//348
f 436//349 506//349 507//349
f 436//349 507//349 435//349
f 435//350 507//350 508//350
f 435//350 508//350 434//350
f 434//351 508//351 509//351
f 434//351 509//351 433//351
f 433//352 509//352 510//352
f 433//352 510//352 432//352
f 432//353 510//353 511//353
f 432//353 511//353 431//353
f 431//354 511//354 512//354
f 431//354 512//354 430//354
f 430//355 512//355 513//355
f 430//355 513//355 429//355
f 429//356 513//356 514//356
f 429//356 514//356 428//356
f 428//357 514//357 515//357
f 428//357 515//357 427//357
f 427//358 515//358 516//358
f 427//358 516//358 426//358
f 426//359 516//359 517//359
f 426//359 517//359 425//359
f 425//360 517//360 518//360
f 425//360 518//360 424//360
f 424//361 518//361 519//361
f 424//361 519//361 423//361
f 423//362 519//362 520//362
f 423//362 520//362 422//362
f 422//363 520//363 521//363
f 422//363 521//363 421//363
f 421//364 521//364 522//364
f 421//364 522//364 420//364
f 420//365 522//365 523//365
f 420//365 523//365 419//365
f 419//366 523//366 524//366
f 419//366 524//366 418//366
f 418//367 524//367 525//367
f 418//367 525//367 417//367
f 417//368 525//368 526//368
f 417//368 526//368 416//368
f 416//369 526//369 527//369
f 416//369 527//369 415//369
f 415//370 527//370 528//370
f 415//370 528//370 414//370
f 414//371 528//371 529//371
f 414//371 529//371 413//371
f 413//372 529//372 530//372
f 413//372 530//372 412//372
f 412//373 530//373 531//373
f 412//373 531//373 411//373
f 411//374 531//374 532//374
f 411//374 532//374 410//374
f 410//375 532//375 533//375
f 410//375 533//375 409//375
f 409//376 533//376 534//376
f 409//376 534//376 408//376
f 408//377 534//377 535//377
f 408//377 535//377 407//377
f 407//378 535//378 536//378
f 407//378 536//378 406//378
f 406//379 536//379 537//379
f 406//379 537//379 405//379
f 405//380 537//380 538//380
f 405//380 538//380 404//380
f 404//381 538//381 539//381
f 404//381 539//381 400//381
f 400//382 539//382 540//382
f 400//382 540//382 401//382
f 401//383 540//383 541//383
f 401//383 541//383 402//383
f 402//384 541//384 542//384
f 402//384 542//384 403//384
f 403//385 542//385 543//385
f 403//385 543//385 472//385
f 472//386 543//386 544//386
f 472//386 544//386 471//386
f 471//387 544//387 545//387
f 471//387 545//387 470//387
f 470//308 545//308 473//308
f 545//388 546//388 473//388
f 473//389 546//389 547//389
f 473//389 547//389 474//389
f 474//390 547//390 548//390
f 474//390 548//390 475//390
f 475//391 548//391 549//391
f 475//391 549//391 476//391
f 476//392 549//392 550//392
f 476//392 550//392 477//392
f 477//393 550//393 551//393
f 477//393 551//393 478//393
f 478//394 551//394 552//394
f 478//394 552//394 479//394
f 479//395 552//395 553//395
f 479//395 553//395 480//395
f 480//396 553//396 554//396
f 480//396 554//396 481//396
f 481//397 554//397 555//397
f 481//397 555//397 482//397
f 482//398 555//398 556//398
f 482//398 556//398 483//398
f 483//399 556//399 557//399
f 483//399 557//399 484//399
f 484//400 557//400 558//400
f 484//400 558//400 485//400
f 485//401 558//401 559//401
f 485//402 559//402 486//402
f 486//403 559//403 560//403
f 486//403 560//403 487//403
f 487//404 560//404 561//404
f 487//404 561//404 488//404
f 488//405 561//405 562//405
f 488//406 562//406 489//406
f 489//407 562//407 563//407
f 489//407 563//407 490//407
f 490//408 563//408 564//408
f 490//408 564//408 491//408
f 491//409 564//409 565//409
f 491//409 565//409 492//409
f 492//410 565//410 566//410
f 492//410 566//410 493//410
f 493//411 566//411 567//411
f 493//411 567//411 494//411
f 494//412 567//412 568//412
f 494//412 568//412 495//412
f 495//413 568//413 569//413
f 495//413 569//413 496//413
f 496//414 569//414 570//414
f 496//414 570//414 497//414
f 497//415 570//415 571//415
f 497//415 571//415 498//415
f 498//416 571//416 572//416
f 498//416 572//416 499//416
f 499//417 572//417 573//417
f 499//417 573//417 500//417
f 500//418 573//418 574//418
f 500//418 574//418 501//418
f 501//419 574//419 575//419
f 501//419 575//419 502//419
f 502//420 575//420 576//420
f 502//421 576//421 503//421
f 503//422 576//422 577//422
f 503//422 577//422 504//422
f 504//423 577//423 578//423
f 504//423 578//423 505//423
f 505//424 578//424 579//424
f 505//424 579//424 506//424
f 506//425 579//425 580//425
f 506//425 580//425 507//425
f 507//426 580//426 581//426
f 507//426 581//426 508//426
f 508//427 581//427 582//427
f 508//427 582//427 509//427
f 509//428 582//428 583//428
f 509//428 583//428 510//428
f 510//429 583//429 584//429
f 510//429 584//429 511//429
f 511//430 584//430 585//430
f 511//430 585//430 512//430
f 512//431 585//431 586//431
f 512//431 586//431 513//431
f 513//432 586//432 587//432
f 513//432 587//432 514//432
f 514//433 587//433 588//433
f 514//433 588//433 515//433
f 515//434 588//434 589//434
f 515//434 589//434 516//434
f 516//435 589//435 590//435
f 516//435 590//435 517//435
f 517//436 590//436 591//436
f 517//436 591//436 518//436
f 518//437 591//437 592//437
f 518//437 592//437 519//437
f 519//438 592//438 593//438
f 519//438 593//438 520//438
f 520//439 593//439 594//439
f 520//439 594//439 521//439
f 521//440 594//440 595//440
f 521//440 595//440 522//440
f 522//441 595//441 596//441
f 522//441 596//441 523//441
f 523//442 596//442 597//442
f 523//442 597//442 524//442
f 524//443 597//443 598//443
f 524//443 598//443 525//443
f 525//444 598//444 599//444
f 525//444 599//444 526//444
f 526//445 599//445 600//445
f 526//445 600//445 527//445
f 527//446 600//446 601//446
f 527//446 601//446 528//446
f 528//447 601//447 602//447
f 528//447 602//447 529//447
f 529//448 602//448 603//448
f 529//448 603//448 530//448
f 530//449 603//449 604//449
f 530//449 604//449 531//449
f 531//450 604//450 605//450
f 531//450 605//450 532//450
f 532//451 605//451 606//451
f 532//451 606//451 533//451
f 533//452 606//452 607//452
f 533//452 607//452 534//452
f 534//453 607//453 608//453
f 534//453 608//453 535//453
f 535//454 608//454 609//454
f 535//454 609//454 536//454
f 536//455 609//455 610//455
f 536//455 610//455 537//455
f 537//456 610//456 611//456
f 537//456 611//456 538//456
f 538//457 611//457 612//457
f 538//457 612//457 539//457
f 539//458 612//458 613//458
f 539//458 613//458 540//458
f 540//459 613//459 614//459
f 540//459 614//459 541//459
f 541//460 614//460 615//460
f 541//460 615//460 542//460
f 542//461 615//461 616//461
f 542//461 616//461 543//461
f 543//462 616//462 617//462
f 543//462 617//462 544//462
f 544//463 617//463 618//463
f 544//463 618//463 545//463
f 545//388 618//388 546//388
f 618//464 619//464 546//464
f 546//465 619//465 620//465
f 546//466 620//466 547//466
f 547//467 620//467 621//467
f 547//467 621//467 548//467
f 548//468 621//468 622//468
f 548//469 622//469 549//469
f 549//470 622//470 623//470
f 549//471 623//471 550//471
f 550//472 623//472 624//472
f 550//472 624//472 551//472
f 551//473 624//473 625//473
f 551//473 625//473 552//473
f 552//474 625//474 626//474
f 552//475 626//475 553//475
f 553//476 626//476 627//476
f 553//477 627//477 554//477
f 554//478 627//478 628//478
f 554//479 628//479 555//479
f 555//480 628//480 629//480
f 555//481 629//481 556//481
f 556//482 629//482 630//482
f 556//483 630//483 557//483
f 557//484 630//484 631//484
f 557//484 631//484 558//484
f 558//485 631//485 632//485
f 558//486 632//486 559//486
f 559//487 632//487 633//487
f 559//487 633//487 560//487
f 560//488 633//488 634//488
f 560//489 634//489 561//489
f 561//490 634//490 635//490
f 561//490 635//490 562//490
f 562//491 635//491 636//491
f 562//492 636//492 563//492
f 563//493 636//493 637//493
f 563//493 637//493 564//493
f 564//494 637//494 638//494
f 564//494 638//494 565//494
f 565//495 638//495 639//495
f 565//496 639//496 566//496
f 566//497 639//497 640//497
f 566//498 640//498 567//498
f 567//499 640//499 641//499
f 567//500 641//500 568//500
f 568//501 641//501 642//501
f 568//501 642//501 569//501
f 569//502 642//502 643//502
f 569//502 643//502 570//502
f 570//503 643//503 644//503
f 570//504 644//504 571//504
f 571//505 644//505 645//505
f 571//505 645//505 572//505
f 572//506 645//506 646//506
f 572//507 646//507 573//507
f 573//508 646//508 647//508
f 573//509 647//509 574//509
f 574//510 647//510 648//510
f 574//510 648//510 575//510
f 575//511 648//511 649//511
f 575//511 649//511 576//511
f 576//512 649//512 650//512
f 576//513 650//513 577//513
f 577//514 650//514 651//514
f 577//514 651//514 578//514
f 578//515 651//515 652//515
f 578//515 652//515 579//515
f 579//516 652//516 653//516
f 579//517 653//517 580//517
f 580//518 653//518 654//518
f 580//518 654//518 581//518
f 581//519 654//519 655//519
f 581//519 655//519 582//519
f 582//520 655//520 656//520
f 582//520 656//520 583//520
f 583//521 656//521 657//521
f 583//521 657//521 584//521
f 584//522 657//522 658//522
f 584//522 658//522 585//522
f 585//523 658//523 659//523
f 585//523 659//523 586//523
f 586//524 659//524 660//524
f 586//524 660//524 587//524
f 587//525 660//525 661//525
f 587//525 661//525 588//525
f 588//526 661//526 662//526
f 588//526 662//526 589//526
f 589//527 662//527 663//527
f 589//527 663//527 590//527
f 590//528 663//528 664//528
f 590//529 664//529 591//529
f 591//530 664//530 665//530
f 591//531 665//531 592//531
f 592//532 665//532 666//532
f 592//533 666//533 593//533
f 593//534 666//534 667//534
f 593//534 667//534 594//534
f 594//535 667//535 668//535
f 594//535 668//535 595//535
f 595//536 668//536 669//536
f 595//536 669//536 596//536
f 596//537 669//537 670//537
f 596//537 670//537 597//537
f 597//538 670//538 671//538
f 597//538 671//538 598//538
f 598//539 671//539 672//539
f 598//539 672//539 599//539
f 599//540 672//540 673//540
f 599//541 673//541 600//541
f 600//542 673//542 674//542
f 600//542 674//542 601//542
f 601//543 674//543 675//543
f 601//543 675//543 602//543
f 602//544 675//544 676//544
f 602//544 676//544 603//544
f 603//545 676//545 677//545
f 603//545 677//545 604//545
f 604//546 677//546 678//546
f 604//547 678//547 605//547
f 605//548 678//548 679//548
f 605//548 679//548 606//548
f 606//549 679//549 680//549
f 606//549 680//549 607//549
f 607//550 680//550 681//550
f 607//550 681//550 608//550
f 608//551 681//551 682//551
f 608//551 682//551 609//551
f 609//552 682//552 683//552
f 609//553 683//553 610//553
f 610//554 683//554 684//554
f 610//554 684//554 611//554
f 611//555 684//555 685//555
f 611//555 685//555 612//555
f 612//556 685//556 686//556
f 612//556 686//556 613//556
f 613//557 686//557 687//557
f 613//558 687//558 614//558
f 614//559 687//559 688//559
f 614//560 688//560 615//560
f 615//561 688//561 689//561
f 615//561 689//561 616//561
f 616//562 689//562 690//562
f 616//563 690//563 617//563
f 617//564 690//564 691//564
f 617//565 691//565 618//565
f 618//566 691//566 619//566
f 691//567 692//567 619//567
f 619//568 692//568 693//568
f 619//568 693//568 620//568
f 620//569 693//569 694//569
f 620//569 694//569 621//569
f 621//570 694//570 695//570
f 621//570 695//570 622//570
f 622//571 695//571 696//571
f 622//571 696//571 623//571
f 623//572 696//572 697//572
f 623//573 697//573 624//573
f 624//574 697//574 698//574
f 624//574 698//574 625//574
f 625//575 698//575 699//575
f 625//575 699//575 626//575
f 626//576 699//576 700//576
f 626//576 700//576 627//576
f 627//577 700//577 701//577
f 627//577 701//577 628//577
f 628//578 701//578 702//578
f 628//579 702//579 629//579
f 629//580 702//580 703//580
f 629//580 703//580 630//580
f 630//581 703//581 704//581
f 630//581 704//581 631//581
f 631//582 704//582 705//582
f 631//582 705//582 632//582
f 632//583 705//583 706//583
f 632//583 706//583 633//583
f 633//584 706//584 707//584
f 633//584 707//584 634//584
f 634//585 707//585 708//585
f 634//585 708//585 635//585
f 635//586 708//586 709//586
f 635//586 709//586 636//586
f 636//587 709//587 710//587
f 636//587 710//587 637//587
f 637//588 710//588 711//588
f 637//588 711//588 638//588
f 638//589 711//589 712//589
f 638//589 712//589 639//589
f 639//590 712//590 713//590
f 639//590 713//590 640//590
f 640//591 713//591 714//591
f 640//591 714//591 641//591
f 641//592 714//592 715//592
f 641//593 715//593 642//593
f 642//594 715//594 716//594
f 642//594 716//594 643//594
f 643//595 716//595 717//595
f 643//595 717//595 644//595
f 644//596 717//596 718//596
f 644//596 718//596 645//596
f 645//597 718//597 719//597
f 645//597 719//597 646//597
f 646//598 719//598 720//598
f 646//598 720//598 647//598
f 647//599 720//599 721//599
f 647//599 721//599 648//599
f 648//600 721//600 722//600
f 648//600 722//600 649//600
f 649//601 722//601 723//601
f 649//601 723//601 650//601
f 650//602 723//602 724//602
f 650//602 724//602 651//602
f 651//603 724//603 725//603
f 651//603 725//603 652//603
f 652//604 725//604 726//604
f 652//604 726//604 653//604
f 653//605 726//605 727//605
f 653//605 727//605 654//605
f 654//606 727//606 728//606
f 654//606 728//606 655//606
f 655//607 728//607 729//607
f 655//607 729//607 656//607
f 656//608 729//608 730//608
f 656//608 730//608 657//608
f 657//609 730//609 731//609
f 657//609 731//609 658//609
f 658//610 731//610 732//610
f 658//610 732//610 659//610
f 659//611 732//611 733//611
f 659//611 733//611 660//611
f 660//612 733//612 734//612
f 660//612 734//612 661//612
f 661//613 734//613 735//613
f 661//613 735//613 662//613
f 662//614 735//614 736//614
f 662//614 736//614 663//614
f 663//615 736//615 737//615
f 663//615 737//615 664//615
f 664//616 737//616 738//616
f 664//616 738//616 665//616
f 665//617 738//617 739//617
f 665//617 739//617 666//617
f 666//618 739//618 740//618
f 666//618 740//618 667//618
f 667//619 740//619 741//619
f 667//619 741//619 668//619
f 668//620 741//620 742//620
f 668//620 742//620 669//620
f 669//621 742//621 743//621
f 669//621 743//621 670//621
f 670//622 743//622 744//622
f 670//622 744//622 671//622
f 671//623 744//623 745//623
f 671//623 745//623 672//623
f 672//624 745//624 746//624
f 672//624 746//624 673//624
f 673//625 746//625 747//625
f 673//625 747//625 674//625
f 674//626 747//626 748//626
f 674//626 748//626 675//626
f 675//627 748//627 749//627
f 675//627 749//627 676//627
f 676//628 749//628 750//628
f 676//628 750//628 677//628
f 677//629 750//629 751//629
f 677//629 751//629 678//629
f 678//630 751//630 752//630
f 678//630 752//630 679//630
f 679//631 752//631 753//631
f 679//631 753//631 680//631
f 680//632 753//632 754//632
f 680//632 754//632 681//632
f 681//633 754//633 755//633
f 681//633 755//633 682//633
f 682//634 755//634 756//634
f 682//634 756//634 683//634
f 683//635 756//635 757//635
f 683//635 757//635 684//635
f 684//636 757//636 758//636
f 684//636 758//636 685//636
f 685//637 758//637 759//637
f 685//637 759//637 686//637
f 686//638 759//638 760//638
f 686//638 760//638 687//638
f 687//639 760//639 761//639
f 687//639 761//639 688//639
f 688//640 761//640 762//640
f 688//640 762//640 689//640
f 689//641 762//641 763//641
f 689//641 763//641 690//641
f 690//642 763//642 764//642
f 690//642 764//642 691//642
f 691//567 764//567 692//567
f 764//643 765//643 692//643
f 692//644 765//644 766//644
f 692//644 766//644 693//644
f 693//645 766//645 767//645
f 693//645 767//645 694//645
f 694//646 767//646 768//646
f 694//646 768//646 695//646
f 695//647 768//647 769//647
f 695//647 769//647 696//647
f 696//648 769//648 770//648
f 696//648 770//648 697//648
f 697//649 770//649 771//649
f 697//649 771//649 698//649
f 698//650 771//650 772//650
f 698//650 772//650 699//650
f 699//651 772//651 773//651
f 699//651 773//651 700//651
f 700//652 773//652 774//652
f 700//652 774//652 701//652
f 701//653 774//653 775//653
f 701//653 775//653 702//653
f 702//654 775//654 776//654
f 702//654 776//654 703//654
f 703//655 776//655 777//655
f 703//655 777//655 704//655
f 704//656 777//656 778//656
f 704//657 778//657 705//657
f 705//658 778//658 779//658
f 705//659 779//659 706//659
f 706//660 779//660 780//660
f 706//660 780//660 707//660
f 707//661 780//661 781//661
f 707//661 781//661 708//661
f 708//662 781//662 782//662
f 708//662 782//662 709//662
f 709//663 782//663 783//663
f 709//663 783//663 710//663
f 710//664 783//664 784//664
f 710//664 784//664 711//664
f 711//665 784//665 785//665
f 711//665 785//665 712//665
f 712//666 785//666 786//666
f 712//666 786//666 713//666
f 713//667 786//667 787//667
f 713//667 787//667 714//667
f 714//668 787//668 788//668
f 714//668 788//668 715//668
f 715//669 788//669 789//669
f 715//669 789//669 716//669
f 716//670 789//670 790//670
f 716//670 790//670 717//670
f 717//671 790//671 791//671
f 717//671 791//671 718//671
f 718//672 791//672 792//672
f 718//672 792//672 719//672
f 719//673 792//673 793//673
f 719//673 793//673 720//673
f 720//674 793//674 794//674
f 720//674 794//674 721//674
f 721//675 794//675 795//675
f 721//675 795//675 722//675
f 722//676 795//676 796//676
f 722//676 796//676 723//676
f 723//677 796//677 797//677
f 723//677 797//677 724//677
f 724//678 797//678 798//678
f 724//678 798//678 725//678
f 725//679 798//679 799//679
f 725//679 799//679 726//679
f 726//680 799//680 800//680
f 726//680 800//680 727//680
f 727//681 800//681 801//681
f 727//681 801//681 728//681
f 728//682 801//682 802//682
f 728//682 802//682 729//682
f 729//683 802//683 803//683
f 729//683 803//683 730//683
f 730//684 803//684 804//684
f 730//684 804//684 731//684
f 731//685 804//685 805//685
f 731//685 805//685 732//685
f 732//686 805//686 806//686
f 732//686 806//686 733//686
f 733//687 806//687 807//687
f 733//687 807//687 734//687
f 734//688 807//688 808//688
f 734//688 808//688 735//688
f 735//689 808//689 809//689
f 735//689 809//689 736//689
f 736//690 809//690 810//690
f 736//690 810//690 737//690
f 737//691 810//691 811//691
f 737//691 811//691 738//691
f 738//692 811//692 812//692
f 738//692 812//692 739//692
f 739//693 812//693 813//693
f 739//693 813//693 740//693
f 740//694 813//694 814//694
f 740//694 814//694 741//694
f 741//695 814//695 815//695
f 741//695 815//695 742//695
f 742//696 815//696 816//696
f 742//696 816//696 743//696
f 743//697 816//697 817//697
f 743//697 817//697 744//697
f 744//698 817//698 818//698
f 744//698 818//698 745//698
f 745//699 818//699 819//699
f 745//699 819//699 746//699
f 746//700 819//700 820//700
f 746//700 820//700 747//700
f 747//701 820//701 821//701
f 747//701 821//701 748//701
f 748//702 821//702 822//702
f 748//702 822//702 749//702
f 749//703 822//703 823//703
f 749//703 823//703 750//703
f 750//704 823//704 824//704
f 750//704 824//704 751//704
f 751//705 824//705 825//705
f 751//705 825//705 752//705
f 752//706 825//706 826//706
f 752//706 826//706 753//706
f 753//707 826//707 827//707
f 753//707 827//707 754//707
f 754//708 827//708 828//708
f 754//708 828//708 755//708
f 755//709 828//709 829//709
f 755//709 829//709 756//709
f 756//710 829//710 830//710
f 756//710 830//710 757//710
f 757//711 830//711 831//711
f 757//711 831//711 758//711
f 758//712 831//712 832//712
f 758//712 832//712 759//712
f 759//713 832//713 833//713
f 759//713 833//713 760//713
f 760//714 833//714 834//714
f 760//714 834//714 761//714
f 761//715 834//715 835//715
f 761//715 835//715 762//715
f 762//716 835//716 836//716
f 762//716 836//716 763//716
f 763//717 836//717 837//717
f 763//717 837//717 764//717
f 764//643 837//643 765//643
f 837//718 838//718 765//718
f 765//719 838//719 839//719
f 765//719 839//719 766//719
f 766//720 839//720 840//720
f 766//720 840//720 767//720
f 767//721 840//721 841//721
f 767//721 841//721 768//721
f 768//722 841//722 842//722
f 768//722 842//722 769//722
f 769//723 842//723 843//723
f 769//724 843//724 770//724
f 770//725 843//725 844//725
f 770//725 844//725 771//725
f 771//726 844//726 845//726
f 771//726 845//726 772//726
f 772//727 845//727 846//727
f 772//727 846//727 773//727
f 773//728 846//728 847//728
f 773//728 847//728 774//728
f 774//729 847//729 848//729
f 774//729 848//729 775//729
f 775//730 848//730 849//730
f 775//730 849//730 776//730
f 776//731 849//731 850//731
f 776//731 850//731 777//731
f 777//732 850//732 851//732
f 777//732 851//732 778//732
f 778//733 851//733 852//733
f 778//734 852//734 779//734
f 779//735 852//735 853//735
f 779//735 853//735 780//735
f 780//736 853//736 854//736
f 780//736 854//736 781//736
f 781//737 854//737 855//737
f 781//737 855//737 782//737
f 782//738 855//738 856//738
f 782//738 856//738 783//738
f 783//739 856//739 857//739
f 783//739 857//739 784//739
f 784//740 857//740 858//740
f 784//740 858//740 785//740
f 785//741 858//741 859//741
f 785//741 859//741 786//741
f 786//742 859//742 860//742
f 786//742 860//742 787//742
f 787//743 860//743 861//743
f 787//743 861//743 788//743
f 788//744 861//744 862//744
f 788//744 862//744 789//744
f 789//745 862//745 863//745
f 789//745 863//745 790//745
f 790//746 863//746 864//746
f 790//746 864//746 791//746
f 791//747 864//747 865//747
f 791//747 865//747 792//747
f 792//748 865//748 866//748
f 792//748 866//748 793//748
f 793//749 866//749 867//749
f 793//749 867//749 794//749
f 794//750 867//750 868//750
f 794//750 868//750 795//750
f 795//751 868//751 869//751
f 795//751 869//751 796//751
f 796//752 869//752 870//752
f 796//752 870//752 797//752
f 797//753 870//753 871//753
f 797//753 871//753 798//753
f 798//754 871//754 872//754
f 798//754 872//754 799//754
f 799//755 872//755 873//755
f 799//755 873//755 800//755
f 800//756 873//756 874//756
f 800//756 874//756 801//756
f 801//757 874//757 875//757
f 801//757 875//757 802//757
f 802//758 875//758 876//758
f 802//758 876//758 803//758
f 803//759 876//759 877//759
f 803//759 877//759 804//759
f 804//760 877//760 878//760
f 804//760 878//760 805//760
f 805//761 878//761 879//761
f 805//761 879//761 806//761
f 806//762 879//762 880//762
f 806//762 880//762 807//762
f 807//763 880//763 881//763
f 807//763 881//763 808//763
f 808//764 881//764 882//764
f 808//764 882//764 809//764
f 809//765 882//765 883//765
f 809//765 883//765 810//765
f 810//766 883//766 884//766
f 810//766 884//766 811//766
f 811//767 884//767 885//767
f 811//767 885//767 812//767
f 812//768 885//768 886//768
f 812//768 886//768 813//768
f 813//769 886//769 887//769
f 813//769 887//769 814//769
f 814//770 887//770 888//770
f 814//770 888//770 815//770
f 815//771 888//771 889//771
f 815//771 889//771 816//771
f 816//772 889//772 890//772
f 816//772 890//772 817//772
f 817//773 890//773 891//773
f 817//773 891//773 818//773
f 818//774 891//774 892//774
f 818//774 892//774 819//774
f 819//775 892//775 893//775
f 819//775 893//775 820//775
f 820//776 893//776 894//776
f 820//776 894//776 821//776
f 821//777 894//777 895//777
f 821//777 895//777 822//777
f 822//778 895//778 896//778
f 822//778 896//778 823//778
f 823//779 896//779 897//779
f 823//779 897//779 824//779
f 824//780 897//780 898//780
f 824//780 898//780 825//780
f 825//781 898//781 899//781
f 825//781 899//781 826//781
f 826//782 899//782 900//782
f 826//782 900//782 827//782
f 827//783 900//783 901//783
f 827//783 901//783 828//783
f 828//784 901//784 902//784
f 828//784 902//784 829//784
f 829//785 902//785 903//785
f 829//785 903//785 830//785
f 830//786 903//786 904//786
f 830//786 904//786 831//786
f 831//787 904//787 905//787
f 831//787 905//787 832//787
f 832//788 905//788 906//788
f 832//788 906//788 833//788
f 833//789 906//789 907//789
f 833//789 907//789 834//789
f 834//790 907//790 908//790
f 834//790 908//790 835//790
f 835//791 908//791 909//791
f 835//791 909//791 836//791
f 836//792 909//792 910//792
f 836//792 910//792 837//792
f 837//718 910//718 838//718
f 910//793 911//793 838//793
f 838//794 911//794 912//794
f 838//794 912//794 839//794
f 839//795 912//795 913//795
f 839//795 913//795 840//795
f 840//796 913//796 914//796
f 840//796 914//796 841//796
f 841//797 914//797 915//797
f 841//797 915//797 842//797
f 842//798 915//798 916//798
f 842//798 916//798 843//798
f 843//799 916//799 917//799
f 843//799 917//799 844//799
f 844//800 917//800 918//800
f 844//800 918//800 845//800
f 845//801 918//801 919//801
f 845//802 919//802 846//802
f 846//803 919//803 920//803
f 846//803 920//803 847//803
f 847//804 920//804 921//804
f 847//804 921//804 848//804
f 848//805 921//805 922//805
f 848//806 922//806 849//806
f 849//807 922//807 923//807
f 849//807 923//807 850//807
f 850//808 923//808 924//808
f 850//808 924//808 851//808
f 851//809 924//809 925//809
f 851//809 925//809 852//809
f 852//810 925//810 926//810
f 852//810 926//810 853//810
f 853//811 926//811 927//811
f 853//812 927//812 854//812
f 854//813 927//813 928//813
f 854//813 928//813 855//813
f 855//814 928//814 929//814
f 855//814 929//814 856//814
f 856//815 929//815 930//815
f 856//816 930//816 857//816
f 857//817 930//817 931//817
f 857//817 931//817 858//817
f 858//818 931//818 932//818
f 858//818 932//818 859//818
f 859//819 932//819 933//819
f 859//820 933//820 860//820
f 860//821 933//821 934//821
f 860//821 934//821 861//821
f 861//822 934//822 935//822
f 861//822 935//822 862//822
f 862//823 935//823 936//823
f 862//823 936//823 863//823
f 863//824 936//824 937//824
f 863//824 937//824 864//824
f 864//825 937//825 938//825
f 864//825 938//825 865//825
f 865//826 938//826 939//826
f 865//826 939//826 866//826
f 866//827 939//827 940//827
f 866//828 940//828 867//828
f 867//829 940//829 941//829
f 867//829 941//829 868//829
f 868//830 941//830 942//830
f 868//830 942//830 869//830
f 869//831 942//831 943//831
f 869//831 943//831 870//831
f 870//832 943//832 944//832
f 870//832 944//832 871//832
f 871//833 944//833 945//833
f 871//833 945//833 872//833
f 872//834 945//834 946//834
f 872//834 946//834 873//834
f 873//835 946//835 947//835
f 873//835 947//835 874//835
f 874//836 947//836 948//836
f 874//836 948//836 875//836
f 875//837 948//837 949//837
f 875//837 949//837 876//837
f 876//838 949//838 950//838
f 876//838 950//838 877//838
f 877//839 950//839 951//839
f 877//839 951//839 878//839
f 878//840 951//840 952//840
f 878//840 952//840 879//840
f 879//841 952//841 953//841
f 879//841 953//841 880//841
f 880//842 953//842 954//842
f 880//842 954//842 881//842
f 881//843 954//843 955//843
f 881//843 955//843 882//843
f 882//844 955//844 956//844
f 882//844 956//844 883//844
f 883//845 956//845 957//845
f 883//845 957//845 884//845
f 884//846 957//846 958//846
f 884//846 958//846 885//846
f 885//847 958//847 959//847
f 885//847 959//847 886//847
f 886//848 959//848 960//848
f 886//848 960//848 887//848
f 887//849 960//849 961//849
f 887//849 961//849 888//849
f 888//850 961//850 962//850
f 888//850 962//850 889//850
f 889//851 962//851 963//851
f 889//851 963//851 890//851
f 890//852 963//852 964//852
f 890//852 964//852 891//852
f 891//853 964//853 965//853
f 891//853 965//853 892//853
f 892//854 965//854 966//854
f 892//854 966//854 893//854
f 893//855 966//855 967//855
f 893//856 967//856 894//856
f 894//857 967//857 968//857
f 894//857 968//857 895//857
f 895//858 968//858 969//858
f 895//858 969//858 896//858
f 896//859 969//859 970//859
f 896//859 970//859 897//859
f 897//860 970//860 971//860
f 897//860 971//860 898//860
f 898//861 971//861 972//861
f 898//862 972//862 899//862
f 899//863 972//863 973//863
f 899//863 973//863 900//863
f 900//864 973//864 974//864
f 900//864 974//864 901//864
f 901//865 974//865 975//865
f 901//865 975//865 902//865
f 902//866 975//866 976//866
f 902//866 976//866 903//866
f 903//867 976//867 977//867
f 903//867 977//867 904//867
f 904//868 977//868 978//868
f 904//868 978//868 905//868
f 905//869 978//869 979//869
f 905//869 979//869 906//869
f 906//870 979//870 980//870
f 906//870 980//870 907//870
f 907//871 980//871 981//871
f 907//871 981//871 908//871
f 908//872 981//872 982//872
f 908//872 982//872 909//872
f 909//873 982//873 983//873
f 909//873 983//873 910//873
f 910//793 983//793 911//793
f 983//874 984//874 911//874
f 911//875 984//875 985//875
f 911//875 985//875 912//875
f 912//876 985//876 986//876
f 912//876 986//876 913//876
f 913//877 986//877 987//877
f 913//877 987//877 914//877
f 914//878 987//878 988//878
f 914//878 988//878 915//878
f 915//879 988//879 989//879
f 915//879 989//879 916//879
f 916//880 989//880 990//880
f 916//880 990//880 917//880
f 917//881 990//881 991//881
f 917//881 991//881 918//881
f 918//882 991//882 992//882
f 918//882 992//882 919//882
f 919//883 992//883 993//883
f 919//883 993//883 920//883
f 920//884 993//884 994//884
f 920//884 994//884 921//884
f 921//885 994//885 995//885
f 921//885 995//885 922//885
f 922//886 995//886 996//886
f 922//886 996//886 923//886
f 923//887 996//887 997//887
f 923//887 997//887 924//887
f 924//888 997//888 998//888
f 924//888 998//888 925//888
f 925//889 998//889 999//889
f 925//889 999//889 926//889
f 926//890 999//890 1000//890
f 926//890 1000//890 927//890
f 927//891 1000//891 1001//891
f 927//891 1001//891 928//891
f 928//892 1001//892 1002//892
f 928//892 1002//892 929//892
f 929//893 1002//893 1003//893
f 929//893 1003//893 930//893
f 930//894 1003//894 1004//894
f 930//894 1004//894 931//894
f 931//895 1004//895 1005//895
f 931//895 1005//895 932//895
f 932//896 1005//896 1006//896
f 932//896 1006//896 933//896
f 933//897 1006//897 1007//897
f 933//897 1007//897 934//897
f 934//898 1007//898 1008//898
f 934//898 1008//898 935//898
f 935//899 1008//899 1009//899
f 935//899 1009//899 936//899
f 936//900 1009//900 1010//900
f 936//900 1010//900 937//900
f 937//901 1010//901 1011//901
f 937//901 1011//901 938//901
f 938//902 1011//902 1012//902
f 938//902 1012//902 939//902
f 939//903 1012//903 1013//903
f 939//903 1013//903 940//903
f 940//904 1013//904 1014//904
f 940//904 1014//904 941//904
f 941//905 1014//905 1015//905
f 941//905 1015//905 942//905
f 942//906 1015//906 1016//906
f 942//906 1016//906 943//906
f 943//907 1016//907 1017//907
f 943//907 1017//907 944//907
f 944//908 1017//908 1018//908
f 944//908 1018//908 945//908
f 945//909 1018//909 1019//909
f 945//909 1019//909 946//909
f 946//910 1019//910 1020//910
f 946//910 1020//910 947//910
f 947//911 1020//911 1021//911
f 947//911 1021//911 948//911
f 948//912 1021//912 1022//912
f 948//912 1022//912 949//912
f 949//913 1022//913 1023//913
f 949//913 1023//913 950//913
f 950//914 1023//914 1024//914
f 950//914 1024//914 951//914
f 951//915 1024//915 1025//915
f 951//915 1025//915 952//915
f 952//916 1025//916 1026//916
f 952//916 1026//916 953//916
f 953//917 1026//917 1027//917
f 953//917 1027//917 954//917
f 954//918 1027//918 1028//918
f 954//918 1028//918 955//918
f 955//919 1028//919 1029//919
f 955//919 1029//919 956//919
f 956//920 1029//920 1030//920
f 956//920 1030//920 957//920
f 957//921 1030//921 1031//921
f 957//921 1031//921 958//921
f 958//922 1031//922 1032//922
f 958//923 1032//923 959//923
f 959//924 1032//924 1033//924
f 959//924 1033//924 960//924
f 960//925 1033//925 1034//925
f 960//925 1034//925 961//925
f 961//926 1034//926 1035//926
f 961//926 1035//926 962//926
f 962//927 1035//927 1036//927
f 962//927 1036//927 963//927
f 963//928 1036//928 1037//928
f 963//928 1037//928 964//928
f 964//929 1037//929 1038//929
f 964//929 1038//929 965//929
f 965//930 1038//930 1039//930
f 965//930 1039//930 966//930
f 966//931 1039//931 1040//931
f 966//931 1040//931 967//931
f 967//932 1040//932 1041//932
f 967//932 1041//932 968//932
f 968//933 1041//933 1042//933
f 968//933 1042//933 969//933
f 969//934 1042//934 1043//934
f 969//934 1043//934 970//934
f 970//935 1043//935 1044//935
f 970//935 1044//935 971//935
f 971//936 1044//936 1045//936
f 971//936 1045//936 972//936
f 972//937 1045//937 1046//937
f 972//937 1046//937 973//937
f 973//938 1046//938 1047//938
f 973//938 1047//938 974//938
f 974//939 1047//939 1048//939
f 974//939 1048//939 975//939
f 975//940 1048//940 1049//940
f 975//940 1049//940 976//940
f 976//941 1049//941 1050//941
f 976//941 1050//941 977//941
f 977//942 1050//942 1051//942
f 977//942 1051//942 978//942
f 978//943 1051//943 1052//943
f 978//943 1052//943 979//943
f 979//944 1052//944 1053//944
f 979//944 1053//944 980//944
f 980//945 1053//945 1054//945
f 980//945 1054//945 981//945
f 981//946 1054//946 1055//946
f 981//946 1055//946 982//946
f 982//947 1055//947 1056//947
f 982//947 1056//947 983//947
f 983//874 1056//874 984//874
f 1056//948 1057//948 984//948
f 984//949 1057//949 1058//949
f 984//949 1058//949 985//949
f 985//950 1058//950 1059//950
f 985//950 1059//950 986//950
f 986//951 1059//951 1060//951
f 986//951 1060//951 987//951
f 987//952 1060//952 1061//952
f 987//952 1061//952 988//952
f 988//953 1061//953 1062//953
f 988//953 1062//953 989//953
f 989//954 1062//954 1063//954
f 989//954 1063//954 990//954
f 990//955 1063//955 1064//955
f 990//955 1064//955 991//955
f 991//956 1064//956 1065//956
f 991//956 1065//956 992//956
f 992//957 1065//957 1066//957
f 992//957 1066//957 993//957
f 993//958 1066//958 1067//958
f 993//958 1067//958 994//958
f 994//959 1067//959 1068//959
f 994//959 1068//959 995//959
f 995//960 1068//960 1069//960
f 995//960 1069//960 996//960
f 996//961 1069//961 1070//961
f 996//961 1070//961 997//961
f 997//962 1070//962 1071//962
f 997//962 1071//962 998//962
f 998//963 1071//963 1072//963
f 998//963 1072//963 999//963
f 999//964 1072//964 1073//964
f 999//964 1073//964 1000//964
f 1000//965 1073//965 1074//965
f 1000//965 1074//965 1001//965
f 1001//966 1074//966 1075//966
f 1001//966 1075//966 1002//966
f 1002//967 1075//967 1076//967
f 1002//967 1076//967 1003//967
f 1003//968 1076//968 1077//968
f 1003//968 1077//968 1004//968
f 1004//969 1077//969 1078//969
f 1004//969 1078//969 1005//969
f 1005//970 1078//970 1079//970
f 1005//970 1079//970 1006//970
f 1006//971 1079//971 1080//971
f 1006//972 1080//972 1007//972
f 1007//973 1080//973 1081//973
f 1007//973 1081//973 1008//973
f 1008//974 1081//974 1082//974
f 1008//974 1082//974 1009//974
f 1009//975 1082//975 1083//975
f 1009//975 1083//975 1010//975
f 1010//976 1083//976 1084//976
f 1010//976 1084//976 1011//976
f 1011//977 1084//977 1085//977
f 1011//977 1085//977 1012//977
f 1012//978 1085//978 1086//978
f 1012//978 1086//978 1013//978
f 1013//979 1086//979 1087//979
f 1013//979 1087//979 1014//979
f 1014//980 1087//980 1088//980
f 1014//980 1088//980 1015//980
f 1015//981 1088//981 1089//981
f 1015//981 1089//981 1016//981
f 1016//982 1089//982 1090//982
f 1016//982 1090//982 1017//982
f 1017//983 1090//983 1091//983
f 1017//983 1091//983 1018//983
f 1018//984 1091//984 1092//984
f 1018//984 1092//984 1019//984
f 1019//985 1092//985 1093//985
f 1019//985 1093//985 1020//985
f 1020//986 1093//986 1094//986
f 1020//986 1094//986 1021//986
f 1021//987 1094//987 1095//987
f 1021//987 1095//987 1022//987
f 1022//988 1095//988 1096//988
f 1022//988 1096//988 1023//988
f 1023//989 1096//989 1097//989
f 1023//989 1097//989 1024//989
f 1024//990 1097//990 1098//990
f 1024//990 1098//990 1025//990
f 1025//991 1098//991 1099//991
f 1025//991 1099//991 1026//991
f 1026//992 1099//992 1100//992
f 1026//992 1100//992 1027//992
f 1027//993 1100//993 1101//993
f 1027//993 1101//993 1028//993
f 1028//994 1101//994 1102//994
f 1028//994 1102//994 1029//994
f 1029//995 1102//995 1103//995
f 1029//995 1103//995 1030//995
f 1030//996 1103//996 1104//996
f 1030//996 1104//996 1031//996
f 1031//997 1104//997 1105//997
f 1031//997 1105//997 1032//997
f 1032//998 1105//998 1106//998
f 1032//998 1106//998 1033//998
f 1033//999 1106//999 1107//999
f 1033//999 1107//999 1034//999
f 1034//1000 1107//1000 1108//1000
f 1034//1000 1108//1000 1035//1000
f 1035//1001 1108//1001 1109//1001
f 1035//1001 1109//1001 1036//1001
f 1036//1002 1109//1002 1110//1002
f 1036//1002 1110//1002 1037//1002
f 1037//1003 1110//1003 1111//1003
f 1037//1003 1111//1003 1038//1003
f 1038//1004 1111//1004 1112//1004
f 1038//1004 1112//1004 1039//1004
f 1039//1005 1112//1005 1113//1005
f 1039//1005 1113//1005 1040//1005
f 1040//1006 1113//1006 1114//1006
f 1040//1006 1114//1006 1041//1006
f 1041//1007 1114//1007 1115//1007
f 1041//1007 1115//1007 1042//1007
f 1042//1008 1115//1008 1116//1008
f 1042//1008 1116//1008 1043//1008
f 1043//1009 1116//1009 1117//1009
f 1043//1009 1117//1009 1044//1009
f 1044//1010 1117//1010 1118//1010
f 1044//1010 1118//1010 1045//1010
f 1045//1011 1118//1011 1119//1011
f 1045//1011 1119//1011 1046//1011
f 1046//1012 1119//1012 1120//1012
f 1046//1012 1120//1012 1047//1012
f 1047//1013 1120//1013 1121//1013
f 1047//1013 1121//1013 1048//1013
f 1048//1014 1121//1014 1122//1014
f 1048//1014 1122//1014 1049//1014
f 1049//1015 1122//1015 1123//1015
f 1049//1015 1123//1015 1050//1015
f 1050//1016 1123//1016 1124//1016
f 1050//1016 1124//1016 1051//1016
f 1051//1017 1124//1017 1125//1017
f 1051//1017 1125//1017 1052//1017
f 1052//1018 1125//1018 1126//1018
f 1052//1018 1126//1018 1053//1018
f 1053//1019 1126//1019 1127//1019
f 1053//1019 1127//1019 1054//1019
f 1054//1020 1127//1020 1128//1020
f 1054//1020 1128//1020 1055//1020
f 1055//1021 1128//1021 1129//1021
f 1055//1021 1129//1021 1056//1021
f 1056//948 1129//948 1057//948
f 131//1022 133//1022 1130//1022
f 141//1023 143//1023 1131//1023
f 151//1024 153//1024 1132//1024
f 155//1025 157//1025 1133//1025
f 165//1026 167//1026 1134//1026
f 175//1027 177//1027 1135//1027
f 179//1028 181//1028 1136//1028
f 189//1029 191//1029 1137//1029
f 199//1030 201//1030 1138//1030
f 203//1031 205//1031 1139//1031
f 213//1032 215//1032 1140//1032
f 223//1033 225//1033 1141//1033
f 227//1034 229//1034 1142//1034
f 237//1035 239//1035 1143//1035
f 247//1036 1//1036 1144//1036
f 3//1037 5//1037 1145//1037
f 7//1038 9//1038 1146//1038
f 13//1039 15//1039 1147//1039
f 23//1040 25//1040 1148//1040
f 31//1041 33//1041 1149//1041
f 37//1042 39//1042 1150//1042
f 47//1043 49//1043 1151//1043
f 55//1044 57//1044 1152//1044
f 61//1045 63//1045 1153//1045
f 71//1046 73//1046 1154//1046
f 79//1047 81//1047 1155//1047
f 85//1048 87//1048 1156//1048
f 95//1049 97//1049 1157//1049
f 103//1050 105//1050 1158//1050
f 109//1051 111//1051 1159//1051
f 119//1052 121//1052 1160//1052
f 267//1053 262//1053 1161//1053
f 1161//1053 262//1053 1162//1053
f 1161//1054 1162//1054 1163//1054
f 1163//1054 1162//1054 1164//1054
f 1163//1055 1164//1055 1165//1055
f 1165//1056 1164//1056 1166//1056
f 1165//1057 1166//1057 1167//1057
f 1167//1057 1166//1057 1168//1057
f 1167//1058 1168//1058 1169//1058
f 1169//1058 1168//1058 1170//1058
f 1169//1059 1170//1059 1171//1059
f 1171//1059 1170//1059 1172//1059
f 1171//1060 1172//1060 1173//1060
f 1173//1061 1172//1061 1174//1061
f 1173//1062 1174//1062 1175//1062
f 1175//1062 1174//1062 1176//1062
f 1175//1063 1176//1063 1177//1063
f 1177//1063 1176//1063 1160//1063
f 260//1064 259//1064 1178//1064
f 1178//1064 259//1064 1179//1064
f 1178//1065 1179//1065 1180//1065
f 1180//1065 1179//1065 1181//1065
f 1180//1066 1181//1066 1182//1066
f 1182//1066 1181//1066 1183//1066
f 1182//1067 1183//1067 1184//1067
f 1184//1067 1183//1067 1185//1067
f 1184//1068 1185//1068 1186//1068
f 1186//1068 1185//1068 1187//1068
f 1186//1069 1187//1069 1188//1069
f 1188//1070 1187//1070 1189//1070
f 1188//1071 1189//1071 1190//1071
f 1190//1072 1189//1072 1191//1072
f 1190//1073 1191//1073 1192//1073
f 1192//1073 1191//1073 1193//1073
f 1192//1074 1193//1074 1194//1074
f 1194//1074 1193//1074 1159//1074
f 251//1075 250//1075 1195//1075
f 1195//1075 250//1075 1196//1075
f 1195//1076 1196//1076 1197//1076
f 1197//1077 1196//1077 1198//1077
f 1197//1078 1198//1078 1199//1078
f 1199//1079 1198//1079 1200//1079
f 1199//1080 1200//1080 1201//1080
f 1201//1080 1200//1080 1202//1080
f 1201//1081 1202//1081 1203//1081
f 1203//1081 1202//1081 1204//1081
f 1203//1082 1204//1082 1205//1082
f 1205//1082 1204//1082 1206//1082
f 1205//1083 1206//1083 1207//1083
f 1207//1083 1206//1083 1208//1083
f 1207//1084 1208//1084 1209//1084
f 1209//1085 1208//1085 1210//1085
f 1209//1086 1210//1086 1211//1086
f 1211//1086 1210//1086 1157//1086
f 271//1087 270//1087 1212//1087
f 1212//1087 270//1087 1213//1087
f 1212//1088 1213//1088 1214//1088
f 1214//1088 1213//1088 1215//1088
f 1214//1089 1215//1089 1216//1089
f 1216//1090 1215//1090 1217//1090
f 1216//1091 1217//1091 1218//1091
f 1218//1091 1217//1091 1219//1091
f 1218//1092 1219//1092 1220//1092
f 1220//1092 1219//1092 1221//1092
f 1220//1093 1221//1093 1222//1093
f 1222//1093 1221//1093 1223//1093
f 1222//1094 1223//1094 1224//1094
f 1224//1094 1223//1094 1225//1094
f 1224//1095 1225//1095 1226//1095
f 1226//1095 1225//1095 1227//1095
f 1226//1096 1227//1096 1228//1096
f 1228//1096 1227//1096 1156//1096
f 310//1097 291//1097 1229//1097
f 1229//1097 291//1097 1230//1097
f 1229//1098 1230//1098 1231//1098
f 1231//1098 1230//1098 1232//1098
f 1231//1099 1232//1099 1233//1099
f 1233//1100 1232//1100 1234//1100
f 1233//1101 1234//1101 1235//1101
f 1235//1101 1234//1101 1236//1101
f 1235//1102 1236//1102 1237//1102
f 1237//1102 1236//1102 1238//1102
f 1237//1103 1238//1103 1239//1103
f 1239//1103 1238//1103 1240//1103
f 1239//1104 1240//1104 1241//1104
f 1241//1104 1240//1104 1242//1104
f 1241//1105 1242//1105 1243//1105
f 1243//1105 1242//1105 1244//1105
f 1243//1106 1244//1106 1245//1106
f 1245//1106 1244//1106 1154//1106
f 289//1107 288//1107 1246//1107
f 1246//1107 288//1107 1247//1107
f 1246//1108 1247//1108 1248//1108
f 1248//1108 1247//1108 1249//1108
f 1248//1109 1249//1109 1250//1109
f 1250//1109 1249//1109 1251//1109
f 1250//1110 1251//1110 1252//1110
f 1252//1110 1251//1110 1253//1110
f 1252//1111 1253//1111 1254//1111
f 1254//1111 1253//1111 1255//1111
f 1254//1112 1255//1112 1256//1112
f 1256//1112 1255//1112 1257//1112
f 1256//1113 1257//1113 1258//1113
f 1258//1114 1257//1114 1259//1114
f 1258//1115 1259//1115 1260//1115
f 1260//1115 1259//1115 1261//1115
f 1260//1116 1261//1116 1262//1116
f 1262//1116 1261//1116 1153//1116
f 308//1117 286//1117 1263//1117
f 1263//1117 286//1117 1264//1117
f 1263//1118 1264//1118 1265//1118
f 1265//1118 1264//1118 1266//1118
f 1265//1119 1266//1119 1267//1119
f 1267//1120 1266//1120 1268//1120
f 1267//1121 1268//1121 1269//1121
f 1269//1121 1268//1121 1270//1121
f 1269//1122 1270//1122 1271//1122
f 1271//1122 1270//1122 1272//1122
f 1271//1123 1272//1123 1273//1123
f 1273//1123 1272//1123 1274//1123
f 1273//1124 1274//1124 1275//1124
f 1275//1124 1274//1124 1276//1124
f 1275//1125 1276//1125 1277//1125
f 1277//1125 1276//1125 1278//1125
f 1277//1126 1278//1126 1279//1126
f 1279//1126 1278//1126 1151//1126
f 284//1127 254//1127 1280//1127
f 1280//1127 254//1127 1281//1127
f 1280//1128 1281//1128 1282//1128
f 1282//1128 1281//1128 1283//1128
f 1282//1129 1283//1129 1284//1129
f 1284//1129 1283//1129 1285//1129
f 1284//1130 1285//1130 1286//1130
f 1286//1130 1285//1130 1287//1130
f 1286//1131 1287//1131 1288//1131
f 1288//1131 1287//1131 1289//1131
f 1288//1132 1289//1132 1290//1132
f 1290//1132 1289//1132 1291//1132
f 1290//1133 1291//1133 1292//1133
f 1292//1133 1291//1133 1293//1133
f 1292//1134 1293//1134 1294//1134
f 1294//1134 1293//1134 1295//1134
f 1294//1135 1295//1135 1296//1135
f 1296//1135 1295//1135 1150//1135
f 280//1136 279//1136 1297//1136
f 1297//1136 279//1136 1298//1136
f 1297//1137 1298//1137 1299//1137
f 1299//1137 1298//1137 1300//1137
f 1299//1138 1300//1138 1301//1138
f 1301//1139 1300//1139 1302//1139
f 1301//1140 1302//1140 1303//1140
f 1303//1140 1302//1140 1304//1140
f 1303//1141 1304//1141 1305//1141
f 1305//1141 1304//1141 1306//1141
f 1305//1142 1306//1142 1307//1142
f 1307//1143 1306//1143 1308//1143
f 1307//1144 1308//1144 1309//1144
f 1309//1144 1308//1144 1310//1144
f 1309//1145 1310//1145 1311//1145
f 1311//1145 1310//1145 1312//1145
f 1311//1146 1312//1146 1313//1146
f 1313//1146 1312//1146 1148//1146
f 295//1147 296//1147 1314//1147
f 1314//1147 296//1147 1315//1147
f 1314//1148 1315//1148 1316//1148
f 1316//1148 1315//1148 1317//1148
f 1316//1149 1317//1149 1318//1149
f 1318//1149 1317//1149 1319//1149
f 1318//1150 1319//1150 1320//1150
f 1320//1150 1319//1150 1321//1150
f 1320//1151 1321//1151 1322//1151
f 1322//1152 1321//1152 1323//1152
f 1322//1153 1323//1153 1324//1153
f 1324//1154 1323//1154 1325//1154
f 1324//1155 1325//1155 1326//1155
f 1326//1156 1325//1156 1327//1156
f 1326//1157 1327//1157 1328//1157
f 1328//1157 1327//1157 1329//1157
f 1328//1158 1329//1158 1330//1158
f 1330//1158 1329//1158 1147//1158
f 320//1159 319//1159 1331//1159
f 1331//1159 319//1159 1332//1159
f 1331//1160 1332//1160 1333//1160
f 1333//1160 1332//1160 1334//1160
f 1333//1161 1334//1161 1335//1161
f 1335//1161 1334//1161 1336//1161
f 1335//1162 1336//1162 1337//1162
f 1337//1162 1336//1162 1338//1162
f 1337//1163 1338//1163 1339//1163
f 1339//1163 1338//1163 1340//1163
f 1339//1164 1340//1164 1341//1164
f 1341//1164 1340//1164 1342//1164
f 1341//1165 1342//1165 1343//1165
f 1343//1166 1342//1166 1344//1166
f 1343//1167 1344//1167 1345//1167
f 1345//1168 1344//1168 1346//1168
f 1345//1169 1346//1169 1347//1169
f 1347//1169 1346//1169 1143//1169
f 294//1170 293//1170 1348//1170
f 1348//1170 293//1170 1349//1170
f 1348//1171 1349//1171 1350//1171
f 1350//1171 1349//1171 1351//1171
f 1350//1172 1351//1172 1352//1172
f 1352//1172 1351//1172 1353//1172
f 1352//1173 1353//1173 1354//1173
f 1354//1173 1353//1173 1355//1173
f 1354//1174 1355//1174 1356//1174
f 1356//1175 1355//1175 1357//1175
f 1356//1176 1357//1176 1358//1176
f 1358//1176 1357//1176 1359//1176
f 1358//1177 1359//1177 1360//1177
f 1360//1178 1359//1178 1361//1178
f 1360//1179 1361//1179 1362//1179
f 1362//1179 1361//1179 1363//1179
f 1362//1180 1363//1180 1364//1180
f 1364//1180 1363//1180 1142//1180
f 276//1181 274//1181 1365//1181
f 1365//1181 274//1181 1366//1181
f 1365//1182 1366//1182 1367//1182
f 1367//1182 1366//1182 1368//1182
f 1367//1183 1368//1183 1369//1183
f 1369//1184 1368//1184 1370//1184
f 1369//1185 1370//1185 1371//1185
f 1371//1185 1370//1185 1372//1185
f 1371//1186 1372//1186 1373//1186
f 1373//1186 1372//1186 1374//1186
f 1373//1187 1374//1187 1375//1187
f 1375//1187 1374//1187 1376//1187
f 1375//1188 1376//1188 1377//1188
f 1377//1189 1376//1189 1378//1189
f 1377//1190 1378//1190 1379//1190
f 1379//1190 1378//1190 1380//1190
f 1379//1191 1380//1191 1381//1191
f 1381//1191 1380//1191 1140//1191
f 317//1192 316//1192 1382//1192
f 1382//1192 316//1192 1383//1192
f 1382//1193 1383//1193 1384//1193
f 1384//1193 1383//1193 1385//1193
f 1384//1194 1385//1194 1386//1194
f 1386//1194 1385//1194 1387//1194
f 1386//1195 1387//1195 1388//1195
f 1388//1195 1387//1195 1389//1195
f 1388//1196 1389//1196 1390//1196
f 1390//1196 1389//1196 1391//1196
f 1390//1197 1391//1197 1392//1197
f 1392//1198 1391//1198 1393//1198
f 1392//1199 1393//1199 1394//1199
f 1394//1199 1393//1199 1395//1199
f 1394//1200 1395//1200 1396//1200
f 1396//1200 1395//1200 1397//1200
f 1396//1201 1397//1201 1398//1201
f 1398//1201 1397//1201 1139//1201
f 304//1202 303//1202 1399//1202
f 1399//1202 303//1202 1400//1202
f 1399//1203 1400//1203 1401//1203
f 1401//1203 1400//1203 1402//1203
f 1401//1204 1402//1204 1403//1204
f 1403//1205 1402//1205 1404//1205
f 1403//1206 1404//1206 1405//1206
f 1405//1206 1404//1206 1406//1206
f 1405//1207 1406//1207 1407//1207
f 1407//1207 1406//1207 1408//1207
f 1407//1208 1408//1208 1409//1208
f 1409//1208 1408//1208 1410//1208
f 1409//1209 1410//1209 1411//1209
f 1411//1209 1410//1209 1412//1209
f 1411//1210 1412//1210 1413//1210
f 1413//1210 1412//1210 1414//1210
f 1413//1211 1414//1211 1415//1211
f 1415//1212 1414//1212 1137//1212
f 265//1213 314//1213 1416//1213
f 1416//1213 314//1213 1417//1213
f 1416//1214 1417//1214 1418//1214
f 1418//1214 1417//1214 1419//1214
f 1418//1215 1419//1215 1420//1215
f 1420//1216 1419//1216 1421//1216
f 1420//1217 1421//1217 1422//1217
f 1422//1217 1421//1217 1423//1217
f 1422//1218 1423//1218 1424//1218
f 1424//1218 1423//1218 1425//1218
f 1424//1219 1425//1219 1426//1219
f 1426//1220 1425//1220 1427//1220
f 1426//1221 1427//1221 1428//1221
f 1428//1221 1427//1221 1429//1221
f 1428//1222 1429//1222 1430//1222
f 1430//1223 1429//1223 1431//1223
f 1430//1224 1431//1224 1432//1224
f 1432//1225 1431//1225 1136//1225
f 301//1226 300//1226 1433//1226
f 1433//1226 300//1226 1434//1226
f 1433//1227 1434//1227 1435//1227
f 1435//1227 1434//1227 1436//1227
f 1435//1228 1436//1228 1437//1228
f 1437//1229 1436//1229 1438//1229
f 1437//1230 1438//1230 1439//1230
f 1439//1230 1438//1230 1440//1230
f 1439//1231 1440//1231 1441//1231
f 1441//1231 1440//1231 1442//1231
f 1441//1232 1442//1232 1443//1232
f 1443//1232 1442//1232 1444//1232
f 1443//1233 1444//1233 1445//1233
f 1445//1234 1444//1234 1446//1234
f 1445//1235 1446//1235 1447//1235
f 1447//1235 1446//1235 1448//1235
f 1447//1236 1448//1236 1449//1236
f 1449//1237 1448//1237 1134//1237
f 298//1238 297//1238 1450//1238
f 1450//1238 297//1238 1451//1238
f 1450//1239 1451//1239 1452//1239
f 1452//1239 1451//1239 1453//1239
f 1452//1240 1453//1240 1454//1240
f 1454//1241 1453//1241 1455//1241
f 1454//1242 1455//1242 1456//1242
f 1456//1242 1455//1242 1457//1242
f 1456//1243 1457//1243 1458//1243
f 1458//1244 1457//1244 1459//1244
f 1458//1245 1459//1245 1460//1245
f 1460//1245 1459//1245 1461//1245
f 1460//1246 1461//1246 1462//1246
f 1462//1247 1461//1247 1463//1247
f 1462//1248 1463//1248 1464//1248
f 1464//1248 1463//1248 1465//1248
f 1464//1249 1465//1249 1466//1249
f 1466//1249 1465//1249 1133//1249
f 307//1250 306//1250 1467//1250
f 1467//1250 306//1250 1468//1250
f 1467//1251 1468//1251 1469//1251
f 1469//1251 1468//1251 1470//1251
f 1469//1252 1470//1252 1471//1252
f 1471//1252 1470//1252 1472//1252
f 1471//1253 1472//1253 1473//1253
f 1473//1254 1472//1254 1474//1254
f 1473//1255 1474//1255 1475//1255
f 1475//1255 1474//1255 1476//1255
f 1475//1256 1476//1256 1477//1256
f 1477//1257 1476//1257 1478//1257
f 1477//1258 1478//1258 1479//1258
f 1479//1259 1478//1259 1480//1259
f 1479//1260 1480//1260 1481//1260
f 1481//1260 1480//1260 1482//1260
f 1481//1261 1482//1261 1483//1261
f 1483//1261 1482//1261 1131//1261
f 282//1262 281//1262 1484//1262
f 1484//1262 281//1262 1485//1262
f 1484//1263 1485//1263 1486//1263
f 1486//1263 1485//1263 1487//1263
f 1486//1264 1487//1264 1488//1264
f 1488//1265 1487//1265 1489//1265
f 1488//1266 1489//1266 1490//1266
f 1490//1266 1489//1266 1491//1266
f 1490//1267 1491//1267 1492//1267
f 1492//1267 1491//1267 1493//1267
f 1492//1268 1493//1268 1494//1268
f 1494//1268 1493//1268 1495//1268
f 1494//1269 1495//1269 1496//1269
f 1496//1270 1495//1270 1497//1270
f 1496//1271 1497//1271 1498//1271
f 1498//1271 1497//1271 1499//1271
f 1498//1272 1499//1272 1500//1272
f 1500//1272 1499//1272 1130//1272
f 268//1273 267//1273 1501//1273
f 1501//1274 267//1274 1161//1274
f 1501//1275 1161//1275 1502//1275
f 1502//1275 1161//1275 1163//1275
f 1502//1276 1163//1276 1503//1276
f 1503//1277 1163//1277 1165//1277
f 1503//1278 1165//1278 1504//1278
f 1504//1278 1165//1278 1167//1278
f 1504//1279 1167//1279 1505//1279
f 1505//1279 1167//1279 1169//1279
f 1505//1280 1169//1280 1506//1280
f 1506//1280 1169//1280 1171//1280
f 1506//1281 1171//1281 1507//1281
f 1507//1281 1171//1281 1173//1281
f 1507//1282 1173//1282 1508//1282
f 1508//1282 1173//1282 1175//1282
f 1508//1283 1175//1283 1509//1283
f 1509//1284 1175//1284 1177//1284
f 1509//1285 1177//1285 127//1285
f 127//1285 1177//1285 125//1285
f 1160//1286 121//1286 1177//1286
f 1177//1287 121//1287 123//1287
f 1177//1288 123//1288 125//1288
f 117//1289 119//1289 1510//1289
f 1510//1290 119//1290 1160//1290
f 1510//1291 1160//1291 1511//1291
f 1511//1291 1160//1291 1176//1291
f 1511//1292 1176//1292 1512//1292
f 1512//1292 1176//1292 1174//1292
f 1512//1293 1174//1293 1513//1293
f 1513//1293 1174//1293 1172//1293
f 1513//1294 1172//1294 1514//1294
f 1514//1295 1172//1295 1170//1295
f 1514//1296 1170//1296 1515//1296
f 1515//1296 1170//1296 1168//1296
f 1515//1297 1168//1297 1516//1297
f 1516//1297 1168//1297 1166//1297
f 1516//1298 1166//1298 1517//1298
f 1517//1299 1166//1299 1164//1299
f 1517//1300 1164//1300 1518//1300
f 1518//1300 1164//1300 1162//1300
f 1518//1301 1162//1301 261//1301
f 261//1301 1162//1301 262//1301
f 261//1302 260//1302 1518//1302
f 1518//1302 260//1302 1178//1302
f 1518//1303 1178//1303 1517//1303
f 1517//1303 1178//1303 1180//1303
f 1517//1304 1180//1304 1516//1304
f 1516//1305 1180//1305 1182//1305
f 1516//1306 1182//1306 1515//1306
f 1515//1306 1182//1306 1184//1306
f 1515//1307 1184//1307 1514//1307
f 1514//1307 1184//1307 1186//1307
f 1514//1308 1186//1308 1513//1308
f 1513//1308 1186//1308 1188//1308
f 1513//1309 1188//1309 1512//1309
f 1512//1310 1188//1310 1190//1310
f 1512//1311 1190//1311 1511//1311
f 1511//1311 1190//1311 1192//1311
f 1511//1312 1192//1312 1510//1312
f 1510//1312 1192//1312 1194//1312
f 1510//1313 1194//1313 117//1313
f 117//1313 1194//1313 115//1313
f 1159//1314 111//1314 1194//1314
f 1194//1315 111//1315 113//1315
f 1194//1316 113//1316 115//1316
f 107//1317 109//1317 1519//1317
f 1519//1318 109//1318 1159//1318
f 1519//1319 1159//1319 1520//1319
f 1520//1320 1159//1320 1193//1320
f 1520//1321 1193//1321 1521//1321
f 1521//1321 1193//1321 1191//1321
f 1521//1322 1191//1322 1522//1322
f 1522//1322 1191//1322 1189//1322
f 1522//1323 1189//1323 1523//1323
f 1523//1323 1189//1323 1187//1323
f 1523//1324 1187//1324 1524//1324
f 1524//1324 1187//1324 1185//1324
f 1524//1325 1185//1325 1525//1325
f 1525//1325 1185//1325 1183//1325
f 1525//1326 1183//1326 1526//1326
f 1526//1326 1183//1326 1181//1326
f 1526//1327 1181//1327 1527//1327
f 1527//1328 1181//1328 1179//1328
f 1527//1329 1179//1329 257//1329
f 257//1329 1179//1329 259//1329
f 257//1330 256//1330 1527//1330
f 1527//1331 256//1331 1528//1331
f 1527//1332 1528//1332 1526//1332
f 1526//1332 1528//1332 1529//1332
f 1526//1333 1529//1333 1525//1333
f 1525//1333 1529//1333 1530//1333
f 1525//1334 1530//1334 1524//1334
f 1524//1335 1530//1335 1531//1335
f 1524//1336 1531//1336 1523//1336
f 1523//1336 1531//1336 1532//1336
f 1523//1337 1532//1337 1522//1337
f 1522//1337 1532//1337 1533//1337
f 1522//1338 1533//1338 1521//1338
f 1521//1339 1533//1339 1534//1339
f 1521//1340 1534//1340 1520//1340
f 1520//1340 1534//1340 1535//1340
f 1520//1341 1535//1341 1519//1341
f 1519//1341 1535//1341 1158//1341
f 1519//1342 1158//1342 107//1342
f 107//1342 1158//1342 105//1342
f 101//1343 103//1343 1211//1343
f 1211//1344 103//1344 1158//1344
f 1211//1345 1158//1345 1209//1345
f 1209//1346 1158//1346 1535//1346
f 1209//1347 1535//1347 1207//1347
f 1207//1347 1535//1347 1534//1347
f 1207//1348 1534//1348 1205//1348
f 1205//1348 1534//1348 1533//1348
f 1205//1349 1533//1349 1203//1349
f 1203//1349 1533//1349 1532//1349
f 1203//1350 1532//1350 1201//1350
f 1201//1350 1532//1350 1531//1350
f 1201//1351 1531//1351 1199//1351
f 1199//1352 1531//1352 1530//1352
f 1199//1353 1530//1353 1197//1353
f 1197//1354 1530//1354 1529//1354
f 1197//1355 1529//1355 1195//1355
f 1195//1355 1529//1355 1528//1355
f 1195//1356 1528//1356 251//1356
f 251//1356 1528//1356 256//1356
f 1157//1357 97//1357 1211//1357
f 1211//1358 97//1358 99//1358
f 1211//1359 99//1359 101//1359
f 93//1360 95//1360 1536//1360
f 1536//1361 95//1361 1157//1361
f 1536//1362 1157//1362 1537//1362
f 1537//1362 1157//1362 1210//1362
f 1537//1363 1210//1363 1538//1363
f 1538//1363 1210//1363 1208//1363
f 1538//1364 1208//1364 1539//1364
f 1539//1365 1208//1365 1206//1365
f 1539//1366 1206//1366 1540//1366
f 1540//1367 1206//1367 1204//1367
f 1540//1368 1204//1368 1541//1368
f 1541//1369 1204//1369 1202//1369
f 1541//1370 1202//1370 1542//1370
f 1542//1370 1202//1370 1200//1370
f 1542//1371 1200//1371 1543//1371
f 1543//1371 1200//1371 1198//1371
f 1543//1372 1198//1372 1544//1372
f 1544//1372 1198//1372 1196//1372
f 1544//1373 1196//1373 272//1373
f 272//1373 1196//1373 250//1373
f 272//1374 271//1374 1544//1374
f 1544//1374 271//1374 1212//1374
f 1544//1375 1212//1375 1543//1375
f 1543//1375 1212//1375 1214//1375
f 1543//1376 1214//1376 1542//1376
f 1542//1376 1214//1376 1216//1376
f 1542//1377 1216//1377 1541//1377
f 1541//1377 1216//1377 1218//1377
f 1541//1378 1218//1378 1540//1378
f 1540//1378 1218//1378 1220//1378
f 1540//1379 1220//1379 1539//1379
f 1539//1379 1220//1379 1222//1379
f 1539//1380 1222//1380 1538//1380
f 1538//1380 1222//1380 1224//1380
f 1538//1381 1224//1381 1537//1381
f 1537//1381 1224//1381 1226//1381
f 1537//1382 1226//1382 1536//1382
f 1536//1382 1226//1382 1228//1382
f 1536//1383 1228//1383 93//1383
f 93//1383 1228//1383 91//1383
f 1156//1384 87//1384 1228//1384
f 1228//1385 87//1385 89//1385
f 1228//1386 89//1386 91//1386
f 83//1387 85//1387 1545//1387
f 1545//1388 85//1388 1156//1388
f 1545//1389 1156//1389 1546//1389
f 1546//1390 1156//1390 1227//1390
f 1546//1391 1227//1391 1547//1391
f 1547//1391 1227//1391 1225//1391
f 1547//1392 1225//1392 1548//1392
f 1548//1392 1225//1392 1223//1392
f 1548//1393 1223//1393 1549//1393
f 1549//1393 1223//1393 1221//1393
f 1549//1394 1221//1394 1550//1394
f 1550//1394 1221//1394 1219//1394
f 1550//1395 1219//1395 1551//1395
f 1551//1395 1219//1395 1217//1395
f 1551//1396 1217//1396 1552//1396
f 1552//1396 1217//1396 1215//1396
f 1552//1397 1215//1397 1553//1397
f 1553//1397 1215//1397 1213//1397
f 1553//1398 1213//1398 312//1398
f 312//1398 1213//1398 270//1398
f 312//1399 311//1399 1553//1399
f 1553//1399 311//1399 1554//1399
f 1553//1400 1554//1400 1552//1400
f 1552//1400 1554//1400 1555//1400
f 1552//1401 1555//1401 1551//1401
f 1551//1402 1555//1402 1556//1402
f 1551//1403 1556//1403 1550//1403
f 1550//1403 1556//1403 1557//1403
f 1550//1404 1557//1404 1549//1404
f 1549//1404 1557//1404 1558//1404
f 1549//1405 1558//1405 1548//1405
f 1548//1405 1558//1405 1559//1405
f 1548//1406 1559//1406 1547//1406
f 1547//1406 1559//1406 1560//1406
f 1547//1407 1560//1407 1546//1407
f 1546//1407 1560//1407 1561//1407
f 1546//1408 1561//1408 1545//1408
f 1545//1408 1561//1408 1155//1408
f 1545//1409 1155//1409 83//1409
f 83//1409 1155//1409 81//1409
f 77//1410 79//1410 1245//1410
f 1245//1411 79//1411 1155//1411
f 1245//1412 1155//1412 1243//1412
f 1243//1412 1155//1412 1561//1412
f 1243//1413 1561//1413 1241//1413
f 1241//1413 1561//1413 1560//1413
f 1241//1414 1560//1414 1239//1414
f 1239//1414 1560//1414 1559//1414
f 1239//1415 1559//1415 1237//1415
f 1237//1415 1559//1415 1558//1415
f 1237//1416 1558//1416 1235//1416
f 1235//1416 1558//1416 1557//1416
f 1235//1417 1557//1417 1233//1417
f 1233//1418 1557//1418 1556//1418
f 1233//1419 1556//1419 1231//1419
f 1231//1419 1556//1419 1555//1419
f 1231//1420 1555//1420 1229//1420
f 1229//1420 1555//1420 1554//1420
f 1229//1421 1554//1421 310//1421
f 310//1421 1554//1421 311//1421
f 1154//1422 73//1422 1245//1422
f 1245//1423 73//1423 75//1423
f 1245//1424 75//1424 77//1424
f 69//1425 71//1425 1562//1425
f 1562//1426 71//1426 1154//1426
f 1562//1427 1154//1427 1563//1427
f 1563//1427 1154//1427 1244//1427
f 1563//1428 1244//1428 1564//1428
f 1564//1428 1244//1428 1242//1428
f 1564//1429 1242//1429 1565//1429
f 1565//1429 1242//1429 1240//1429
f 1565//1430 1240//1430 1566//1430
f 1566//1431 1240//1431 1238//1431
f 1566//1432 1238//1432 1567//1432
f 1567//1432 1238//1432 1236//1432
f 1567//1433 1236//1433 1568//1433
f 1568//1433 1236//1433 1234//1433
f 1568//1434 1234//1434 1569//1434
f 1569//1435 1234//1435 1232//1435
f 1569//1436 1232//1436 1570//1436
f 1570//1436 1232//1436 1230//1436
f 1570//1437 1230//1437 290//1437
f 290//1437 1230//1437 291//1437
f 290//1438 289//1438 1570//1438
f 1570//1438 289//1438 1246//1438
f 1570//1439 1246//1439 1569//1439
f 1569//1439 1246//1439 1248//1439
f 1569//1440 1248//1440 1568//1440
f 1568//1440 1248//1440 1250//1440
f 1568//1441 1250//1441 1567//1441
f 1567//1441 1250//1441 1252//1441
f 1567//1442 1252//1442 1566//1442
f 1566//1442 1252//1442 1254//1442
f 1566//1443 1254//1443 1565//1443
f 1565//1443 1254//1443 1256//1443
f 1565//1444 1256//1444 1564//1444
f 1564//1444 1256//1444 1258//1444
f 1564//1445 1258//1445 1563//1445
f 1563//1445 1258//1445 1260//1445
f 1563//1446 1260//1446 1562//1446
f 1562//1446 1260//1446 1262//1446
f 1562//1447 1262//1447 69//1447
f 69//1447 1262//1447 67//1447
f 1153//1448 63//1448 1262//1448
f 1262//1449 63//1449 65//1449
f 1262//1450 65//1450 67//1450
f 59//1451 61//1451 1571//1451
f 1571//1452 61//1452 1153//1452
f 1571//1453 1153//1453 1572//1453
f 1572//1453 1153//1453 1261//1453
f 1572//1454 1261//1454 1573//1454
f 1573//1454 1261//1454 1259//1454
f 1573//1455 1259//1455 1574//1455
f 1574//1455 1259//1455 1257//1455
f 1574//1456 1257//1456 1575//1456
f 1575//1456 1257//1456 1255//1456
f 1575//1457 1255//1457 1576//1457
f 1576//1457 1255//1457 1253//1457
f 1576//1458 1253//1458 1577//1458
f 1577//1458 1253//1458 1251//1458
f 1577//1459 1251//1459 1578//1459
f 1578//1459 1251//1459 1249//1459
f 1578//1460 1249//1460 1579//1460
f 1579//1460 1249//1460 1247//1460
f 1579//1461 1247//1461 287//1461
f 287//1461 1247//1461 288//1461
f 287//1462 309//1462 1579//1462
f 1579//1462 309//1462 1580//1462
f 1579//1463 1580//1463 1578//1463
f 1578//1463 1580//1463 1581//1463
f 1578//1464 1581//1464 1577//1464
f 1577//1465 1581//1465 1582//1465
f 1577//1466 1582//1466 1576//1466
f 1576//1466 1582//1466 1583//1466
f 1576//1467 1583//1467 1575//1467
f 1575//1468 1583//1468 1584//1468
f 1575//1469 1584//1469 1574//1469
f 1574//1469 1584//1469 1585//1469
f 1574//1470 1585//1470 1573//1470
f 1573//1470 1585//1470 1586//1470
f 1573//1471 1586//1471 1572//1471
f 1572//1471 1586//1471 1587//1471
f 1572//1472 1587//1472 1571//1472
f 1571//1472 1587//1472 1152//1472
f 1571//1473 1152//1473 59//1473
f 59//1473 1152//1473 57//1473
f 53//1474 55//1474 1279//1474
f 1279//1475 55//1475 1152//1475
f 1279//1476 1152//1476 1277//1476
f 1277//1476 1152//1476 1587//1476
f 1277//1477 1587//1477 1275//1477
f 1275//1477 1587//1477 1586//1477
f 1275//1478 1586//1478 1273//1478
f 1273//1478 1586//1478 1585//1478
f 1273//1479 1585//1479 1271//1479
f 1271//1479 1585//1479 1584//1479
f 1271//1480 1584//1480 1269//1480
f 1269//1480 1584//1480 1583//1480
f 1269//1481 1583//1481 1267//1481
f 1267//1481 1583//1481 1582//1481
f 1267//1482 1582//1482 1265//1482
f 1265//1483 1582//1483 1581//1483
f 1265//1484 1581//1484 1263//1484
f 1263//1484 1581//1484 1580//1484
f 1263//1485 1580//1485 308//1485
f 308//1485 1580//1485 309//1485
f 1151//1486 49//1486 1279//1486
f 1279//1487 49//1487 51//1487
f 1279//1488 51//1488 53//1488
f 45//1489 47//1489 1588//1489
f 1588//1490 47//1490 1151//1490
f 1588//1491 1151//1491 1589//1491
f 1589//1491 1151//1491 1278//1491
f 1589//1492 1278//1492 1590//1492
f 1590//1492 1278//1492 1276//1492
f 1590//1493 1276//1493 1591//1493
f 1591//1493 1276//1493 1274//1493
f 1591//1494 1274//1494 1592//1494
f 1592//1495 1274//1495 1272//1495
f 1592//1496 1272//1496 1593//1496
f 1593//1496 1272//1496 1270//1496
f 1593//1497 1270//1497 1594//1497
f 1594//1497 1270//1497 1268//1497
f 1594//1498 1268//1498 1595//1498
f 1595//1499 1268//1499 1266//1499
f 1595//1500 1266//1500 1596//1500
f 1596//1500 1266//1500 1264//1500
f 1596//1501 1264//1501 285//1501
f 285//1501 1264//1501 286//1501
f 285//1502 284//1502 1596//1502
f 1596//1502 284//1502 1280//1502
f 1596//1503 1280//1503 1595//1503
f 1595//1503 1280//1503 1282//1503
f 1595//1504 1282//1504 1594//1504
f 1594//1505 1282//1505 1284//1505
f 1594//1506 1284//1506 1593//1506
f 1593//1506 1284//1506 1286//1506
f 1593//1507 1286//1507 1592//1507
f 1592//1507 1286//1507 1288//1507
f 1592//1508 1288//1508 1591//1508
f 1591//1509 1288//1509 1290//1509
f 1591//1510 1290//1510 1590//1510
f 1590//1510 1290//1510 1292//1510
f 1590//1511 1292//1511 1589//1511
f 1589//1511 1292//1511 1294//1511
f 1589//1512 1294//1512 1588//1512
f 1588//1512 1294//1512 1296//1512
f 1588//1513 1296//1513 45//1513
f 45//1513 1296//1513 43//1513
f 1150//1514 39//1514 1296//1514
f 1296//1515 39//1515 41//1515
f 1296//1516 41//1516 43//1516
f 35//1517 37//1517 1597//1517
f 1597//1518 37//1518 1150//1518
f 1597//1519 1150//1519 1598//1519
f 1598//1519 1150//1519 1295//1519
f 1598//1520 1295//1520 1599//1520
f 1599//1520 1295//1520 1293//1520
f 1599//1521 1293//1521 1600//1521
f 1600//1521 1293//1521 1291//1521
f 1600//1522 1291//1522 1601//1522
f 1601//1523 1291//1523 1289//1523
f 1601//1524 1289//1524 1602//1524
f 1602//1524 1289//1524 1287//1524
f 1602//1525 1287//1525 1603//1525
f 1603//1526 1287//1526 1285//1526
f 1603//1527 1285//1527 1604//1527
f 1604//1527 1285//1527 1283//1527
f 1604//1528 1283//1528 1605//1528
f 1605//1528 1283//1528 1281//1528
f 1605//1529 1281//1529 253//1529
f 253//1529 1281//1529 254//1529
f 253//1530 255//1530 1605//1530
f 1605//1530 255//1530 1606//1530
f 1605//1531 1606//1531 1604//1531
f 1604//1531 1606//1531 1607//1531
f 1604//1532 1607//1532 1603//1532
f 1603//1533 1607//1533 1608//1533
f 1603//1534 1608//1534 1602//1534
f 1602//1534 1608//1534 1609//1534
f 1602//1535 1609//1535 1601//1535
f 1601//1535 1609//1535 1610//1535
f 1601//1536 1610//1536 1600//1536
f 1600//1537 1610//1537 1611//1537
f 1600//1538 1611//1538 1599//1538
f 1599//1539 1611//1539 1612//1539
f 1599//1540 1612//1540 1598//1540
f 1598//1540 1612//1540 1613//1540
f 1598//1541 1613//1541 1597//1541
f 1597//1541 1613//1541 1149//1541
f 1597//1542 1149//1542 35//1542
f 35//1542 1149//1542 33//1542
f 29//1543 31//1543 1313//1543
f 1313//1544 31//1544 1149//1544
f 1313//1545 1149//1545 1311//1545
f 1311//1545 1149//1545 1613//1545
f 1311//1546 1613//1546 1309//1546
f 1309//1546 1613//1546 1612//1546
f 1309//1547 1612//1547 1307//1547
f 1307//1548 1612//1548 1611//1548
f 1307//1549 1611//1549 1305//1549
f 1305//1549 1611//1549 1610//1549
f 1305//1550 1610//1550 1303//1550
f 1303//1551 1610//1551 1609//1551
f 1303//1552 1609//1552 1301//1552
f 1301//1552 1609//1552 1608//1552
f 1301//1553 1608//1553 1299//1553
f 1299//1554 1608//1554 1607//1554
f 1299//1555 1607//1555 1297//1555
f 1297//1555 1607//1555 1606//1555
f 1297//1556 1606//1556 280//1556
f 280//1557 1606//1557 255//1557
f 1148//1558 25//1558 1313//1558
f 1313//1559 25//1559 27//1559
f 1313//1560 27//1560 29//1560
f 21//1561 23//1561 1614//1561
f 1614//1562 23//1562 1148//1562
f 1614//1563 1148//1563 1615//1563
f 1615//1563 1148//1563 1312//1563
f 1615//1564 1312//1564 1616//1564
f 1616//1565 1312//1565 1310//1565
f 1616//1566 1310//1566 1617//1566
f 1617//1567 1310//1567 1308//1567
f 1617//1568 1308//1568 1618//1568
f 1618//1568 1308//1568 1306//1568
f 1618//1569 1306//1569 1619//1569
f 1619//1569 1306//1569 1304//1569
f 1619//1570 1304//1570 1620//1570
f 1620//1570 1304//1570 1302//1570
f 1620//1571 1302//1571 1621//1571
f 1621//1572 1302//1572 1300//1572
f 1621//1573 1300//1573 1622//1573
f 1622//1573 1300//1573 1298//1573
f 1622//1574 1298//1574 278//1574
f 278//1574 1298//1574 279//1574
f 278//1575 295//1575 1622//1575
f 1622//1576 295//1576 1314//1576
f 1622//1577 1314//1577 1621//1577
f 1621//1578 1314//1578 1316//1578
f 1621//1579 1316//1579 1620//1579
f 1620//1580 1316//1580 1318//1580
f 1620//1581 1318//1581 1619//1581
f 1619//1581 1318//1581 1320//1581
f 1619//1582 1320//1582 1618//1582
f 1618//1582 1320//1582 1322//1582
f 1618//1583 1322//1583 1617//1583
f 1617//1584 1322//1584 1324//1584
f 1617//1585 1324//1585 1616//1585
f 1616//1585 1324//1585 1326//1585
f 1616//1586 1326//1586 1615//1586
f 1615//1587 1326//1587 1328//1587
f 1615//1588 1328//1588 1614//1588
f 1614//1589 1328//1589 1330//1589
f 1614//1590 1330//1590 21//1590
f 21//1590 1330//1590 19//1590
f 1147//1591 15//1591 1330//1591
f 1330//1592 15//1592 17//1592
f 1330//1593 17//1593 19//1593
f 11//1594 13//1594 1623//1594
f 1623//1595 13//1595 1147//1595
f 1623//1596 1147//1596 1624//1596
f 1624//1596 1147//1596 1329//1596
f 1624//1597 1329//1597 1625//1597
f 1625//1598 1329//1598 1327//1598
f 1625//1599 1327//1599 1626//1599
f 1626//1600 1327//1600 1325//1600
f 1626//1601 1325//1601 1627//1601
f 1627//1601 1325//1601 1323//1601
f 1627//1602 1323//1602 1628//1602
f 1628//1602 1323//1602 1321//1602
f 1628//1603 1321//1603 1629//1603
f 1629//1603 1321//1603 1319//1603
f 1629//1604 1319//1604 1630//1604
f 1630//1605 1319//1605 1317//1605
f 1630//1606 1317//1606 1631//1606
f 1631//1606 1317//1606 1315//1606
f 1631//1607 1315//1607 323//1607
f 323//1607 1315//1607 296//1607
f 323//1608 322//1608 1631//1608
f 1631//1608 322//1608 1632//1608
f 1631//1609 1632//1609 1630//1609
f 1630//1609 1632//1609 1633//1609
f 1630//1610 1633//1610 1629//1610
f 1629//1611 1633//1611 1634//1611
f 1629//1612 1634//1612 1628//1612
f 1628//1612 1634//1612 1635//1612
f 1628//1613 1635//1613 1627//1613
f 1627//1613 1635//1613 1636//1613
f 1627//1614 1636//1614 1626//1614
f 1626//1614 1636//1614 1637//1614
f 1626//1615 1637//1615 1625//1615
f 1625//1616 1637//1616 1638//1616
f 1625//1617 1638//1617 1624//1617
f 1624//1618 1638//1618 1639//1618
f 1624//1619 1639//1619 1623//1619
f 1623//1619 1639//1619 1146//1619
f 1623//1620 1146//1620 11//1620
f 11//1620 1146//1620 9//1620
f 5//1621 7//1621 1145//1621
f 1145//1622 7//1622 1146//1622
f 1145//1623 1146//1623 1640//1623
f 1640//1623 1146//1623 1639//1623
f 1640//1624 1639//1624 1641//1624
f 1641//1624 1639//1624 1638//1624
f 1641//1625 1638//1625 1642//1625
f 1642//1625 1638//1625 1637//1625
f 1642//1626 1637//1626 1643//1626
f 1643//1626 1637//1626 1636//1626
f 1643//1627 1636//1627 1644//1627
f 1644//1627 1636//1627 1635//1627
f 1644//1628 1635//1628 1645//1628
f 1645//1628 1635//1628 1634//1628
f 1645//1629 1634//1629 1646//1629
f 1646//1630 1634//1630 1633//1630
f 1646//1631 1633//1631 1647//1631
f 1647//1631 1633//1631 1632//1631
f 1647//1632 1632//1632 321//1632
f 321//1632 1632//1632 322//1632
f 1//1633 3//1633 1144//1633
f 1144//1634 3//1634 1145//1634
f 1144//1635 1145//1635 1648//1635
f 1648//1635 1145//1635 1640//1635
f 1648//1636 1640//1636 1649//1636
f 1649//1636 1640//1636 1641//1636
f 1649//1637 1641//1637 1650//1637
f 1650//1637 1641//1637 1642//1637
f 1650//1638 1642//1638 1651//1638
f 1651//1638 1642//1638 1643//1638
f 1651//1639 1643//1639 1652//1639
f 1652//1639 1643//1639 1644//1639
f 1652//1640 1644//1640 1653//1640
f 1653//1640 1644//1640 1645//1640
f 1653//1641 1645//1641 1654//1641
f 1654//1641 1645//1641 1646//1641
f 1654//1642 1646//1642 1655//1642
f 1655//1643 1646//1643 1647//1643
f 1655//1644 1647//1644 325//1644
f 325//1644 1647//1644 321//1644
f 245//1645 247//1645 1656//1645
f 1656//1646 247//1646 1144//1646
f 1656//1647 1144//1647 1657//1647
f 1657//1647 1144//1647 1648//1647
f 1657//1648 1648//1648 1658//1648
f 1658//1648 1648//1648 1649//1648
f 1658//1649 1649//1649 1659//1649
f 1659//1650 1649//1650 1650//1650
f 1659//1651 1650//1651 1660//1651
f 1660//1651 1650//1651 1651//1651
f 1660//1652 1651//1652 1661//1652
f 1661//1652 1651//1652 1652//1652
f 1661//1653 1652//1653 1662//1653
f 1662//1653 1652//1653 1653//1653
f 1662//1654 1653//1654 1663//1654
f 1663//1655 1653//1655 1654//1655
f 1663//1656 1654//1656 1664//1656
f 1664//1656 1654//1656 1655//1656
f 1664//1657 1655//1657 324//1657
f 324//1658 1655//1658 325//1658
f 324//1659 320//1659 1664//1659
f 1664//1660 320//1660 1331//1660
f 1664//1661 1331//1661 1663//1661
f 1663//1661 1331//1661 1333//1661
f 1663//1662 1333//1662 1662//1662
f 1662//1663 1333//1663 1335//1663
f 1662//1664 1335//1664 1661//1664
f 1661//1664 1335//1664 1337//1664
f 1661//1665 1337//1665 1660//1665
f 1660//1665 1337//1665 1339//1665
f 1660//1666 1339//1666 1659//1666
f 1659//1667 1339//1667 1341//1667
f 1659//1668 1341//1668 1658//1668
f 1658//1669 1341//1669 1343//1669
f 1658//1670 1343//1670 1657//1670
f 1657//1670 1343//1670 1345//1670
f 1657//1671 1345//1671 1656//1671
f 1656//1671 1345//1671 1347//1671
f 1656//1672 1347//1672 245//1672
f 245//1672 1347//1672 243//1672
f 1143//1673 239//1673 1347//1673
f 1347//1674 239//1674 241//1674
f 1347//1675 241//1675 243//1675
f 235//1676 237//1676 1665//1676
f 1665//1677 237//1677 1143//1677
f 1665//1678 1143//1678 1666//1678
f 1666//1678 1143//1678 1346//1678
f 1666//1679 1346//1679 1667//1679
f 1667//1679 1346//1679 1344//1679
f 1667//1680 1344//1680 1668//1680
f 1668//1681 1344//1681 1342//1681
f 1668//1682 1342//1682 1669//1682
f 1669//1683 1342//1683 1340//1683
f 1669//1684 1340//1684 1670//1684
f 1670//1684 1340//1684 1338//1684
f 1670//1685 1338//1685 1671//1685
f 1671//1685 1338//1685 1336//1685
f 1671//1686 1336//1686 1672//1686
f 1672//1686 1336//1686 1334//1686
f 1672//1687 1334//1687 1673//1687
f 1673//1687 1334//1687 1332//1687
f 1673//1688 1332//1688 318//1688
f 318//1688 1332//1688 319//1688
f 318//1689 294//1689 1673//1689
f 1673//1689 294//1689 1348//1689
f 1673//1690 1348//1690 1672//1690
f 1672//1690 1348//1690 1350//1690
f 1672//1691 1350//1691 1671//1691
f 1671//1691 1350//1691 1352//1691
f 1671//1692 1352//1692 1670//1692
f 1670//1692 1352//1692 1354//1692
f 1670//1693 1354//1693 1669//1693
f 1669//1693 1354//1693 1356//1693
f 1669//1694 1356//1694 1668//1694
f 1668//1695 1356//1695 1358//1695
f 1668//1696 1358//1696 1667//1696
f 1667//1697 1358//1697 1360//1697
f 1667//1698 1360//1698 1666//1698
f 1666//1699 1360//1699 1362//1699
f 1666//1700 1362//1700 1665//1700
f 1665//1700 1362//1700 1364//1700
f 1665//1701 1364//1701 235//1701
f 235//1701 1364//1701 233//1701
f 1142//1702 229//1702 1364//1702
f 1364//1703 229//1703 231//1703
f 1364//1704 231//1704 233//1704
f 225//1705 227//1705 1141//1705
f 1141//1706 227//1706 1142//1706
f 1141//1707 1142//1707 1674//1707
f 1674//1708 1142//1708 1363//1708
f 1674//1709 1363//1709 1675//1709
f 1675//1709 1363//1709 1361//1709
f 1675//1710 1361//1710 1676//1710
f 1676//1710 1361//1710 1359//1710
f 1676//1711 1359//1711 1677//1711
f 1677//1712 1359//1712 1357//1712
f 1677//1713 1357//1713 1678//1713
f 1678//1713 1357//1713 1355//1713
f 1678//1714 1355//1714 1679//1714
f 1679//1714 1355//1714 1353//1714
f 1679//1715 1353//1715 1680//1715
f 1680//1716 1353//1716 1351//1716
f 1680//1717 1351//1717 1681//1717
f 1681//1717 1351//1717 1349//1717
f 1681//1718 1349//1718 292//1718
f 292//1718 1349//1718 293//1718
f 221//1719 223//1719 1682//1719
f 1682//1720 223//1720 1141//1720
f 1682//1721 1141//1721 1683//1721
f 1683//1721 1141//1721 1674//1721
f 1683//1722 1674//1722 1684//1722
f 1684//1723 1674//1723 1675//1723
f 1684//1724 1675//1724 1685//1724
f 1685//1725 1675//1725 1676//1725
f 1685//1726 1676//1726 1686//1726
f 1686//1726 1676//1726 1677//1726
f 1686//1727 1677//1727 1687//1727
f 1687//1727 1677//1727 1678//1727
f 1687//1728 1678//1728 1688//1728
f 1688//1728 1678//1728 1679//1728
f 1688//1729 1679//1729 1689//1729
f 1689//1729 1679//1729 1680//1729
f 1689//1730 1680//1730 1690//1730
f 1690//1730 1680//1730 1681//1730
f 1690//1731 1681//1731 277//1731
f 277//1732 1681//1732 292//1732
f 277//1733 276//1733 1690//1733
f 1690//1733 276//1733 1365//1733
f 1690//1734 1365//1734 1689//1734
f 1689//1734 1365//1734 1367//1734
f 1689//1735 1367//1735 1688//1735
f 1688//1736 1367//1736 1369//1736
f 1688//1737 1369//1737 1687//1737
f 1687//1737 1369//1737 1371//1737
f 1687//1738 1371//1738 1686//1738
f 1686//1738 1371//1738 1373//1738
f 1686//1739 1373//1739 1685//1739
f 1685//1740 1373//1740 1375//1740
f 1685//1741 1375//1741 1684//1741
f 1684//1742 1375//1742 1377//1742
f 1684//1743 1377//1743 1683//1743
f 1683//1743 1377//1743 1379//1743
f 1683//1744 1379//1744 1682//1744
f 1682//1744 1379//1744 1381//1744
f 1682//1745 1381//1745 221//1745
f 221//1745 1381//1745 219//1745
f 1140//1746 215//1746 1381//1746
f 1381//1747 215//1747 217//1747
f 1381//1748 217//1748 219//1748
f 211//1749 213//1749 1691//1749
f 1691//1750 213//1750 1140//1750
f 1691//1751 1140//1751 1692//1751
f 1692//1751 1140//1751 1380//1751
f 1692//1752 1380//1752 1693//1752
f 1693//1752 1380//1752 1378//1752
f 1693//1753 1378//1753 1694//1753
f 1694//1754 1378//1754 1376//1754
f 1694//1755 1376//1755 1695//1755
f 1695//1755 1376//1755 1374//1755
f 1695//1756 1374//1756 1696//1756
f 1696//1757 1374//1757 1372//1757
f 1696//1758 1372//1758 1697//1758
f 1697//1758 1372//1758 1370//1758
f 1697//1759 1370//1759 1698//1759
f 1698//1760 1370//1760 1368//1760
f 1698//1761 1368//1761 1699//1761
f 1699//1761 1368//1761 1366//1761
f 1699//1762 1366//1762 273//1762
f 273//1762 1366//1762 274//1762
f 273//1763 317//1763 1699//1763
f 1699//1763 317//1763 1382//1763
f 1699//1764 1382//1764 1698//1764
f 1698//1764 1382//1764 1384//1764
f 1698//1765 1384//1765 1697//1765
f 1697//1766 1384//1766 1386//1766
f 1697//1767 1386//1767 1696//1767
f 1696//1767 1386//1767 1388//1767
f 1696//1768 1388//1768 1695//1768
f 1695//1768 1388//1768 1390//1768
f 1695//1769 1390//1769 1694//1769
f 1694//1769 1390//1769 1392//1769
f 1694//1770 1392//1770 1693//1770
f 1693//1770 1392//1770 1394//1770
f 1693//1771 1394//1771 1692//1771
f 1692//1771 1394//1771 1396//1771
f 1692//1772 1396//1772 1691//1772
f 1691//1773 1396//1773 1398//1773
f 1691//1774 1398//1774 211//1774
f 211//1774 1398//1774 209//1774
f 1139//1775 205//1775 1398//1775
f 1398//1776 205//1776 207//1776
f 1398//1777 207//1777 209//1777
f 201//1778 203//1778 1138//1778
f 1138//1779 203//1779 1139//1779
f 1138//1780 1139//1780 1700//1780
f 1700//1780 1139//1780 1397//1780
f 1700//1781 1397//1781 1701//1781
f 1701//1781 1397//1781 1395//1781
f 1701//1782 1395//1782 1702//1782
f 1702//1783 1395//1783 1393//1783
f 1702//1784 1393//1784 1703//1784
f 1703//1784 1393//1784 1391//1784
f 1703//1785 1391//1785 1704//1785
f 1704//1785 1391//1785 1389//1785
f 1704//1786 1389//1786 1705//1786
f 1705//1786 1389//1786 1387//1786
f 1705//1787 1387//1787 1706//1787
f 1706//1787 1387//1787 1385//1787
f 1706//1788 1385//1788 1707//1788
f 1707//1788 1385//1788 1383//1788
f 1707//1789 1383//1789 315//1789
f 315//1789 1383//1789 316//1789
f 197//1790 199//1790 1708//1790
f 1708//1791 199//1791 1138//1791
f 1708//1792 1138//1792 1709//1792
f 1709//1792 1138//1792 1700//1792
f 1709//1793 1700//1793 1710//1793
f 1710//1793 1700//1793 1701//1793
f 1710//1794 1701//1794 1711//1794
f 1711//1794 1701//1794 1702//1794
f 1711//1795 1702//1795 1712//1795
f 1712//1795 1702//1795 1703//1795
f 1712//1796 1703//1796 1713//1796
f 1713//1796 1703//1796 1704//1796
f 1713//1797 1704//1797 1714//1797
f 1714//1797 1704//1797 1705//1797
f 1714//1798 1705//1798 1715//1798
f 1715//1798 1705//1798 1706//1798
f 1715//1799 1706//1799 1716//1799
f 1716//1799 1706//1799 1707//1799
f 1716//1800 1707//1800 305//1800
f 305//1800 1707//1800 315//1800
f 305//1801 304//1801 1716//1801
f 1716//1801 304//1801 1399//1801
f 1716//1802 1399//1802 1715//1802
f 1715//1802 1399//1802 1401//1802
f 1715//1803 1401//1803 1714//1803
f 1714//1804 1401//1804 1403//1804
f 1714//1805 1403//1805 1713//1805
f 1713//1805 1403//1805 1405//1805
f 1713//1806 1405//1806 1712//1806
f 1712//1807 1405//1807 1407//1807
f 1712//1808 1407//1808 1711//1808
f 1711//1808 1407//1808 1409//1808
f 1711//1809 1409//1809 1710//1809
f 1710//1810 1409//1810 1411//1810
f 1710//1811 1411//1811 1709//1811
f 1709//1811 1411//1811 1413//1811
f 1709//1812 1413//1812 1708//1812
f 1708//1813 1413//1813 1415//1813
f 1708//1814 1415//1814 197//1814
f 197//1814 1415//1814 195//1814
f 1137//1815 191//1815 1415//1815
f 1415//1816 191//1816 193//1816
f 1415//1817 193//1817 195//1817
f 187//1818 189//1818 1717//1818
f 1717//1819 189//1819 1137//1819
f 1717//1820 1137//1820 1718//1820
f 1718//1820 1137//1820 1414//1820
f 1718//1821 1414//1821 1719//1821
f 1719//1821 1414//1821 1412//1821
f 1719//1822 1412//1822 1720//1822
f 1720//1823 1412//1823 1410//1823
f 1720//1824 1410//1824 1721//1824
f 1721//1824 1410//1824 1408//1824
f 1721//1825 1408//1825 1722//1825
f 1722//1825 1408//1825 1406//1825
f 1722//1826 1406//1826 1723//1826
f 1723//1827 1406//1827 1404//1827
f 1723//1828 1404//1828 1724//1828
f 1724//1828 1404//1828 1402//1828
f 1724//1829 1402//1829 1725//1829
f 1725//1829 1402//1829 1400//1829
f 1725//1830 1400//1830 266//1830
f 266//1830 1400//1830 303//1830
f 266//1831 265//1831 1725//1831
f 1725//1831 265//1831 1416//1831
f 1725//1832 1416//1832 1724//1832
f 1724//1832 1416//1832 1418//1832
f 1724//1833 1418//1833 1723//1833
f 1723//1834 1418//1834 1420//1834
f 1723//1835 1420//1835 1722//1835
f 1722//1835 1420//1835 1422//1835
f 1722//1836 1422//1836 1721//1836
f 1721//1836 1422//1836 1424//1836
f 1721//1837 1424//1837 1720//1837
f 1720//1837 1424//1837 1426//1837
f 1720//1838 1426//1838 1719//1838
f 1719//1839 1426//1839 1428//1839
f 1719//1840 1428//1840 1718//1840
f 1718//1840 1428//1840 1430//1840
f 1718//1841 1430//1841 1717//1841
f 1717//1842 1430//1842 1432//1842
f 1717//1843 1432//1843 187//1843
f 187//1843 1432//1843 185//1843
f 1136//1844 181//1844 1432//1844
f 1432//1845 181//1845 183//1845
f 1432//1846 183//1846 185//1846
f 177//1847 179//1847 1135//1847
f 1135//1848 179//1848 1136//1848
f 1135//1849 1136//1849 1726//1849
f 1726//1849 1136//1849 1431//1849
f 1726//1850 1431//1850 1727//1850
f 1727//1850 1431//1850 1429//1850
f 1727//1851 1429//1851 1728//1851
f 1728//1852 1429//1852 1427//1852
f 1728//1853 1427//1853 1729//1853
f 1729//1853 1427//1853 1425//1853
f 1729//1854 1425//1854 1730//1854
f 1730//1854 1425//1854 1423//1854
f 1730//1855 1423//1855 1731//1855
f 1731//1855 1423//1855 1421//1855
f 1731//1856 1421//1856 1732//1856
f 1732//1857 1421//1857 1419//1857
f 1732//1858 1419//1858 1733//1858
f 1733//1858 1419//1858 1417//1858
f 1733//1859 1417//1859 313//1859
f 313//1859 1417//1859 314//1859
f 173//1860 175//1860 1734//1860
f 1734//1861 175//1861 1135//1861
f 1734//1862 1135//1862 1735//1862
f 1735//1863 1135//1863 1726//1863
f 1735//1864 1726//1864 1736//1864
f 1736//1864 1726//1864 1727//1864
f 1736//1865 1727//1865 1737//1865
f 1737//1866 1727//1866 1728//1866
f 1737//1867 1728//1867 1738//1867
f 1738//1867 1728//1867 1729//1867
f 1738//1868 1729//1868 1739//1868
f 1739//1868 1729//1868 1730//1868
f 1739//1869 1730//1869 1740//1869
f 1740//1870 1730//1870 1731//1870
f 1740//1871 1731//1871 1741//1871
f 1741//1872 1731//1872 1732//1872
f 1741//1873 1732//1873 1742//1873
f 1742//1873 1732//1873 1733//1873
f 1742//1874 1733//1874 302//1874
f 302//1874 1733//1874 313//1874
f 302//1875 301//1875 1742//1875
f 1742//1875 301//1875 1433//1875
f 1742//1876 1433//1876 1741//1876
f 1741//1876 1433//1876 1435//1876
f 1741//1877 1435//1877 1740//1877
f 1740//1878 1435//1878 1437//1878
f 1740//1879 1437//1879 1739//1879
f 1739//1879 1437//1879 1439//1879
f 1739//1880 1439//1880 1738//1880
f 1738//1880 1439//1880 1441//1880
f 1738//1881 1441//1881 1737//1881
f 1737//1881 1441//1881 1443//1881
f 1737//1882 1443//1882 1736//1882
f 1736//1883 1443//1883 1445//1883
f 1736//1884 1445//1884 1735//1884
f 1735//1885 1445//1885 1447//1885
f 1735//1886 1447//1886 1734//1886
f 1734//1886 1447//1886 1449//1886
f 1734//1887 1449//1887 173//1887
f 173//1887 1449//1887 171//1887
f 1134//1888 167//1888 1449//1888
f 1449//1889 167//1889 169//1889
f 1449//1890 169//1890 171//1890
f 163//1891 165//1891 1743//1891
f 1743//1892 165//1892 1134//1892
f 1743//1893 1134//1893 1744//1893
f 1744//1893 1134//1893 1448//1893
f 1744//1894 1448//1894 1745//1894
f 1745//1894 1448//1894 1446//1894
f 1745//1895 1446//1895 1746//1895
f 1746//1896 1446//1896 1444//1896
f 1746//1897 1444//1897 1747//1897
f 1747//1897 1444//1897 1442//1897
f 1747//1898 1442//1898 1748//1898
f 1748//1898 1442//1898 1440//1898
f 1748//1899 1440//1899 1749//1899
f 1749//1899 1440//1899 1438//1899
f 1749//1900 1438//1900 1750//1900
f 1750//1901 1438//1901 1436//1901
f 1750//1902 1436//1902 1751//1902
f 1751//1902 1436//1902 1434//1902
f 1751//1903 1434//1903 299//1903
f 299//1903 1434//1903 300//1903
f 299//1904 298//1904 1751//1904
f 1751//1904 298//1904 1450//1904
f 1751//1905 1450//1905 1750//1905
f 1750//1906 1450//1906 1452//1906
f 1750//1907 1452//1907 1749//1907
f 1749//1908 1452//1908 1454//1908
f 1749//1909 1454//1909 1748//1909
f 1748//1909 1454//1909 1456//1909
f 1748//1910 1456//1910 1747//1910
f 1747//1910 1456//1910 1458//1910
f 1747//1911 1458//1911 1746//1911
f 1746//1911 1458//1911 1460//1911
f 1746//1912 1460//1912 1745//1912
f 1745//1913 1460//1913 1462//1913
f 1745//1914 1462//1914 1744//1914
f 1744//1914 1462//1914 1464//1914
f 1744//1915 1464//1915 1743//1915
f 1743//1916 1464//1916 1466//1916
f 1743//1917 1466//1917 163//1917
f 163//1917 1466//1917 161//1917
f 1133//1918 157//1918 1466//1918
f 1466//1919 157//1919 159//1919
f 1466//1920 159//1920 161//1920
f 153//1921 155//1921 1132//1921
f 1132//1922 155//1922 1133//1922
f 1132//1923 1133//1923 1752//1923
f 1752//1923 1133//1923 1465//1923
f 1752//1924 1465//1924 1753//1924
f 1753//1925 1465//1925 1463//1925
f 1753//1926 1463//1926 1754//1926
f 1754//1926 1463//1926 1461//1926
f 1754//1927 1461//1927 1755//1927
f 1755//1928 1461//1928 1459//1928
f 1755//1929 1459//1929 1756//1929
f 1756//1929 1459//1929 1457//1929
f 1756//1930 1457//1930 1757//1930
f 1757//1930 1457//1930 1455//1930
f 1757//1931 1455//1931 1758//1931
f 1758//1932 1455//1932 1453//1932
f 1758//1933 1453//1933 1759//1933
f 1759//1933 1453//1933 1451//1933
f 1759//1934 1451//1934 264//1934
f 264//1934 1451//1934 297//1934
f 149//1935 151//1935 1760//1935
f 1760//1936 151//1936 1132//1936
f 1760//1937 1132//1937 1761//1937
f 1761//1937 1132//1937 1752//1937
f 1761//1938 1752//1938 1762//1938
f 1762//1938 1752//1938 1753//1938
f 1762//1939 1753//1939 1763//1939
f 1763//1940 1753//1940 1754//1940
f 1763//1941 1754//1941 1764//1941
f 1764//1942 1754//1942 1755//1942
f 1764//1943 1755//1943 1765//1943
f 1765//1943 1755//1943 1756//1943
f 1765//1944 1756//1944 1766//1944
f 1766//1945 1756//1945 1757//1945
f 1766//1946 1757//1946 1767//1946
f 1767//1947 1757//1947 1758//1947
f 1767//1948 1758//1948 1768//1948
f 1768//1948 1758//1948 1759//1948
f 1768//1949 1759//1949 263//1949
f 263//1949 1759//1949 264//1949
f 263//1950 307//1950 1768//1950
f 1768//1950 307//1950 1467//1950
f 1768//1951 1467//1951 1767//1951
f 1767//1951 1467//1951 1469//1951
f 1767//1952 1469//1952 1766//1952
f 1766//1952 1469//1952 1471//1952
f 1766//1953 1471//1953 1765//1953
f 1765//1954 1471//1954 1473//1954
f 1765//1955 1473//1955 1764//1955
f 1764//1955 1473//1955 1475//1955
f 1764//1956 1475//1956 1763//1956
f 1763//1956 1475//1956 1477//1956
f 1763//1957 1477//1957 1762//1957
f 1762//1958 1477//1958 1479//1958
f 1762//1959 1479//1959 1761//1959
f 1761//1959 1479//1959 1481//1959
f 1761//1960 1481//1960 1760//1960
f 1760//1961 1481//1961 1483//1961
f 1760//1962 1483//1962 149//1962
f 149//1962 1483//1962 147//1962
f 1131//1963 143//1963 1483//1963
f 1483//1964 143//1964 145//1964
f 1483//1965 145//1965 147//1965
f 139//1966 141//1966 1769//1966
f 1769//1967 141//1967 1131//1967
f 1769//1968 1131//1968 1770//1968
f 1770//1968 1131//1968 1482//1968
f 1770//1969 1482//1969 1771//1969
f 1771//1969 1482//1969 1480//1969
f 1771//1970 1480//1970 1772//1970
f 1772//1970 1480//1970 1478//1970
f 1772//1971 1478//1971 1773//1971
f 1773//1972 1478//1972 1476//1972
f 1773//1973 1476//1973 1774//1973
f 1774//1974 1476//1974 1474//1974
f 1774//1975 1474//1975 1775//1975
f 1775//1975 1474//1975 1472//1975
f 1775//1976 1472//1976 1776//1976
f 1776//1977 1472//1977 1470//1977
f 1776//1978 1470//1978 1777//1978
f 1777//1978 1470//1978 1468//1978
f 1777//1979 1468//1979 283//1979
f 283//1979 1468//1979 306//1979
f 283//1980 282//1980 1777//1980
f 1777//1980 282//1980 1484//1980
f 1777//1981 1484//1981 1776//1981
f 1776//1982 1484//1982 1486//1982
f 1776//1983 1486//1983 1775//1983
f 1775//1983 1486//1983 1488//1983
f 1775//1984 1488//1984 1774//1984
f 1774//1984 1488//1984 1490//1984
f 1774//1985 1490//1985 1773//1985
f 1773//1985 1490//1985 1492//1985
f 1773//1986 1492//1986 1772//1986
f 1772//1987 1492//1987 1494//1987
f 1772//1988 1494//1988 1771//1988
f 1771//1989 1494//1989 1496//1989
f 1771//1990 1496//1990 1770//1990
f 1770//1990 1496//1990 1498//1990
f 1770//1991 1498//1991 1769//1991
f 1769//1991 1498//1991 1500//1991
f 1769//1992 1500//1992 139//1992
f 139//1992 1500//1992 137//1992
f 1130//1993 133//1993 1500//1993
f 1500//1994 133//1994 135//1994
f 1500//1995 135//1995 137//1995
f 129//1996 131//1996 1778//1996
f 1778//1997 131//1997 1130//1997
f 1778//1998 1130//1998 1779//1998
f 1779//1998 1130//1998 1499//1998
f 1779//1999 1499//1999 1780//1999
f 1780//1999 1499//1999 1497//1999
f 1780//2000 1497//2000 1781//2000
f 1781//2001 1497//2001 1495//2001
f 1781//2002 1495//2002 1782//2002
f 1782//2002 1495//2002 1493//2002
f 1782//2003 1493//2003 1783//2003
f 1783//2003 1493//2003 1491//2003
f 1783//2004 1491//2004 1784//2004
f 1784//2004 1491//2004 1489//2004
f 1784//2005 1489//2005 1785//2005
f 1785//2005 1489//2005 1487//2005
f 1785//2006 1487//2006 1786//2006
f 1786//2006 1487//2006 1485//2006
f 1786//2007 1485//2007 269//2007
f 269//2007 1485//2007 281//2007
f 269//2008 268//2008 1786//2008
f 1786//2009 268//2009 1501//2009
f 1786//2010 1501//2010 1785//2010
f 1785//2010 1501//2010 1502//2010
f 1785//2011 1502//2011 1784//2011
f 1784//2012 1502//2012 1503//2012
f 1784//2013 1503//2013 1783//2013
f 1783//2013 1503//2013 1504//2013
f 1783//2014 1504//2014 1782//2014
f 1782//2014 1504//2014 1505//2014
f 1782//2015 1505//2015 1781//2015
f 1781//2015 1505//2015 1506//2015
f 1781//2016 1506//2016 1780//2016
f 1780//2017 1506//2017 1507//2017
f 1780//2018 1507//2018 1779//2018
f 1779//2018 1507//2018 1508//2018
f 1779//2019 1508//2019 1778//2019
f 1778//2019 1508//2019 1509//2019
f 1778//2020 1509//2020 129//2020
f 129//2020 1509//2020 127//2020
f 1787//2021 1788//2021 275//2021
f 275//2021 1788//2021 258//2021
f 1788//2022 1789//2022 258//2022
f 258//2022 1789//2022 249//2022
f 1789//2023 1790//2023 249//2023
f 249//2023 1790//2023 252//2023
f 1790//2024 1787//2024 252//2024
f 252//2024 1787//2024 275//2024
f 1790//131 1789//131 1787//131
f 1787//131 1789//131 1788//131
